tier,pd_cutoff,margin,approval_rate,conversion,funded_volume,avg_apr,loss_rate,default_rate,profit,clv,clv_per_customer,doc_request_rate,roa,pareto,pareto_tier
instant,0.01,0.0,0.07855,0.06380300918648861,13510726.704800261,0.05567939227042798,0.004114344745650514,0.006050826145727149,-4739.077573669887,-18989.103928222114,-297.6208202456286,0.0,-0.0003188764330618283,False,False
instant,0.01,0.01,0.07855,0.062085700420771765,13147793.77614355,0.06567872498897362,0.00411229787372928,0.006048421591889806,139531.56828460615,194665.00147021122,3135.4241016999613,0.0,0.009647769231739425,False,False
instant,0.01,0.02,0.07855,0.0600120929527194,12709500.414428921,0.07567792006578392,0.004111002947392209,0.006047244463580774,274173.58238316484,387847.60260569095,6462.8241329836155,0.0,0.019611212331717927,False,False
instant,0.01,0.03,0.07855,0.057544794505183225,12187910.044181608,0.08567696306633092,0.0041108665144197745,0.006047905552897012,396440.96411510976,555904.170265348,9660.372845979598,0.0,0.029570359082222924,False,False
instant,0.01,0.04,0.07855,0.054659886942125174,11577924.90978168,0.09567584473386602,0.004112379531740409,0.006051135811223033,503364.4257656919,694467.9560485021,12705.257820672346,0.0,0.0395238375606277,False,False
instant,0.01,0.05,0.07855,0.05135477624924031,10878947.60133217,0.1056745640491918,0.00411610397117321,0.006057764235020521,591999.1765150868,800063.894142564,15579.152565276718,0.0,0.04946995695551171,False,False
instant,0.01,0.06,0.07855,0.04765556776911316,10096445.504881755,0.11567313114532751,0.004122644884443399,0.006068674429065544,659775.7836983432,870735.0719825528,18271.423733763575,0.0,0.059406666109224786,False,False
instant,0.01,0.07,0.07855,0.04362182783994251,9242966.208394403,0.12567156925092876,0.004132607712179469,0.006084740138648758,704911.6543555455,906532.9911616761,20781.63699347796,0.0,0.06933150703340914,False,False
instant,0.01,0.08,0.07855,0.03934645633471657,8338121.492024659,0.135669914760779,0.004146544542811475,0.006106745884786632,726798.2737384107,909711.1969755571,23120.536935695814,0.0,0.07924155387164046,False,False
instant,0.01,0.09,0.07855,0.034949225204288635,7407231.408769563,0.14566821482829354,0.004164897375959202,0.006135305045602368,726254.2560645579,884531.0605287277,25309.032041722818,0.0,0.08913332194471615,False,False
instant,0.01,0.1,0.07855,0.030564341188660124,6478700.308113657,0.1556665225637712,0.004187949486025713,0.006170791722078121,705549.1828062506,836709.026930953,27375.333293340733,0.0,0.09900262668461589,False,False
instant,0.01,0.11,0.07855,0.026324516051317814,5580646.971366108,0.1656648907663962,0.004215795920716221,0.006213302018328024,668164.2040674264,772650.5216880646,29350.986744897273,0.0,0.10884436998331881,False,False
instant,0.01,0.12,0.07855,0.022345408263372838,4737605.689796711,0.1756633657003086,0.0042483402713740966,0.006262654165455541,618340.2390050528,698669.7253078558,31266.81406188807,0.0,0.11865223212122454,False,False
instant,0.01,0.13,0.07855,0.018714148648743024,3968086.2016450185,0.18566198241371756,0.004285318214659967,0.006318427091155592,560532.1525952781,620367.1671436912,33149.63340239148,0.0,0.12841824957488954,False,False
instant,0.01,0.14,0.07855,0.015484068456625595,3283444.9740302283,0.1956607624995532,0.004326341535554622,0.00638002742146075,498904.64186815696,542255.4048539083,35020.214898486745,0.0,0.13813225987122077,False,False
instant,0.015,0.0,0.4056,0.32724508217837867,54693392.41656709,0.05828964778760622,0.008762773754724422,0.012305771145180684,-153029.48332182292,-226450.0163076709,-691.9890584764688,0.0,-0.0025435926711433643,False,False
instant,0.015,0.01,0.4056,0.3179162503722332,53143853.84473306,0.06828802487046223,0.008758288649137004,0.012300146159345897,432632.8615560772,635780.4133532103,1999.8361600226629,0.0,0.00740071660146632,False,False
instant,0.015,0.02,0.4056,0.30669500627017826,51279200.814080924,0.07828607455102558,0.008755467270453537,0.012297001896775654,978245.2665124916,1413000.735957356,4607.185337450831,0.0,0.017342584606028416,False,False
instant,0.015,0.03,0.4056,0.2934035300490921,49069446.85331386,0.08828376571828533,0.008755194061715257,0.012297596569120247,1472525.7346994742,2086497.7785763917,7111.358810943005,0.0,0.027280922135100416,False,False
instant,0.015,0.04,0.4056,0.2779438149190028,46497748.80827003,0.09828108085282367,0.00875852874520689,0.012303429220530756,1903424.8530215519,2639122.1804660307,9495.164269926685,0.0,0.037214408748146285,False,False
instant,0.015,0.05,0.4056,0.26033826844398783,43567188.90239684,0.10827802318390312,0.008766673020857502,0.012316189602180935,2259205.46963235,3057770.3279398875,11745.37399444128,0.0,0.047141511902739186,False,False
instant,0.015,0.06,0.4056,0.24076523088870744,40306756.33924165,0.11827462313899106,0.008780906069498228,0.01233766430818779,2529917.5249005677,3335840.4585050307,13855.158596579115,0.0,0.0570605335562001,False,False
instant,0.015,0.07,0.4056,0.21957786994140255,36774609.15398421,0.12827094207852746,0.008802489744214756,0.012369601287392732,2709062.264537363,3475005.794048246,15825.847090035075,0.0,0.06696968189491488,False,False
instant,0.015,0.08,0.4056,0.19729536792879607,33056751.796909966,0.13826707128950533,0.008832552943644429,0.012413547053043759,2795076.377811181,3485699.0207660557,17667.41438158875,0.0,0.07686715684873835,False,False
instant,0.015,0.09,0.4056,0.17456102020813355,29260190.864844933,0.14826312510423914,0.008871973583426647,0.012470683176624794,2792193.2680958547,3386034.339594921,19397.425241658566,0.0,0.08675122893680513,False,False
instant,0.015,0.1,0.4056,0.15207199511900513,25501309.578955475,0.15825922874857062,0.008921282010971497,0.012541695582441541,2710338.194149237,3199389.9855850944,21038.653323916653,0.0,0.09662028552824872,False,False
instant,0.015,0.11,0.4056,0.1304959376267117,21891954.99180012,0.1682555034406152,0.008980608116423622,0.012626707016194899,2563988.001672222,2951297.4222124685,22616.009937832398,0.0,0.10647282000220848,False,False
instant,0.015,0.12,0.4056,0.1103948609185909,18526645.419236593,0.17825205237293168,0.009049684875469598,0.01272528900000782,2370263.496300117,2666428.8606742606,24153.559671954117,0.0,0.1163073480317766,False,False
instant,0.015,0.13,0.4056,0.09217381989927638,15473851.896974124,0.1882489508741609,0.009127906620497032,0.012836549206862401,2146756.6864082823,2366308.0823652283,25672.236270027963,0.0,0.12612224807615763,False,False
instant,0.015,0.14,0.4056,0.07606242628727584,12772752.496922329,0.19824624245139294,0.009214426692043136,0.012959271577213827,1909617.0324085534,2068025.991642676,27188.535688199932,0.0,0.13591553460587913,False,False
instant,0.02,0.0,0.6626,0.5324467761875888,81532845.26097976,0.05976393693595439,0.010944020399940803,0.015260342036881097,-310263.1744503462,-430203.05815043626,-807.9738245966379,0.0,-0.0034594331942624412,False,False
instant,0.02,0.01,0.6626,0.5167657324263731,79153340.49274407,0.06976038621468077,0.010936338550312064,0.015251330745802571,563552.3427517379,852385.50151136,1649.4621218577117,0.0,0.006472503982816152,False,False
instant,0.02,0.02,0.6626,0.49794726593709554,76295978.66350082,0.07975613281279827,0.010930407882090215,0.015245112082522353,1376531.0849501782,2006199.2300188688,4028.9391412630166,0.0,0.016401806718129238,False,False
instant,0.02,0.03,0.6626,0.47571741560031405,72918169.87483005,0.08975111686515606,0.010927316882835488,0.015243237983240177,2111705.487093158,3003470.8302665018,6313.5608068424035,0.0,0.026327213975462574,False,False
instant,0.02,0.04,0.6626,0.4499422821918142,68998329.98086064,0.09974531032512192,0.010928384942262273,0.015247567988733526,2751096.3275061385,3819115.0091543766,8488.010930091374,0.0,0.036247205723138005,False,False
instant,0.02,0.05,0.6626,0.42069384758933054,64545962.04327839,0.10973873185032595,0.010935123976081887,0.015260208287574227,3277388.3705399507,4434446.9061229015,10540.793338275018,0.0,0.04616003664521112,False,False
instant,0.02,0.06,0.6626,0.38830486274242293,59610177.199256696,0.11973145929841943,0.010949159803460881,0.015283395488817787,3676170.7649810226,4840759.225423637,12466.388371331554,0.0,0.05606380621112619,False,False
instant,0.02,0.07,0.6626,0.35339373167095844,54283750.71421626,0.1297236355177509,0.010972113527740504,0.015319327502574132,3938406.530164748,5041774.955944296,14266.735666490666,0.0,0.06595656206083393,False,False
instant,0.02,0.08,0.6626,0.31684225555327417,48700055.16920807,0.1397154634890522,0.011005454291896857,0.015369959356242803,4062561.7621589103,5054118.455057219,15951.529085764301,0.0,0.07583642262348317,False,False
instant,0.02,0.09,0.6626,0.2797196570473505,43021772.38720968,0.14970718919928533,0.011050346644899898,0.015436797376614683,4055742.655860691,4905479.5209912425,17537.12832616855,0.0,0.08570169412990818,False,False
instant,0.02,0.1,0.6626,0.24316332246262037,37422863.95900675,0.15969907447595136,0.011107523342410903,0.015520734042036532,3933369.2788861813,4630883.134979931,19044.33237743657,0.0,0.0955509513502183,False,False
instant,0.02,0.11,0.6626,0.20824286815504425,32067785.790035613,0.16969136575893998,0.011177212880208256,0.01562196186697621,3717341.330116334,4268064.515226552,20495.609540149177,0.0,0.10538305423777479,False,False
instant,0.02,0.12,0.6626,0.1758408234652132,27093035.21722244,0.17968426644836116,0.011259139003692267,0.015739986845825796,3433142.5318796877,3853107.3071938637,21912.47306093359,0.0,0.11519708442859128,False,False
instant,0.02,0.13,0.6626,0.1465765481198206,22595181.44560151,0.18967791906941447,0.01135259070930663,0.015873736192125128,3106643.632003841,3417215.544408463,23313.521762124066,0.0,0.12499220200728381,False,False
instant,0.02,0.14,0.6626,0.12078384396812998,18627096.59593489,0.19967239983802765,0.01145654342539436,0.016021731735016295,2761358.680173874,2984974.6364098005,24713.36015102662,0.0,0.13476743731673052,False,False
instant,0.025,0.0,0.8125,0.6508190176518676,93996414.51914318,0.06086593330072979,0.012461894361139455,0.017680568147409256,-434132.4094818386,-580717.3987432289,-892.2870767336163,0.0,-0.004198732779549738,False,False
instant,0.025,0.01,0.8125,0.6311725975536163,91200124.81055093,0.07085912378733554,0.012449098818932488,0.017664658341128042,574426.0313473254,896524.8509063926,1420.411555224774,0.0,0.005725929477923359,False,False
instant,0.025,0.02,0.8125,0.6076399242085152,87847216.12795857,0.08085099858735569,0.012437605877509068,0.017651067154095833,1512103.5292094704,2223932.4501375332,3659.951167682619,0.0,0.015648072102891732,False,False
instant,0.025,0.03,0.8125,0.5799024531348956,83890378.48893128,0.09084146051906945,0.012428617846243273,0.017641543793354312,2359245.0818739044,3369627.9044474573,5810.68054848118,0.0,0.025566319938966426,False,False
instant,0.025,0.04,0.8125,0.5478223243309996,79307569.62140003,0.10083047721124522,0.012423630893731842,0.0176382330562563,3095128.7342482656,4305079.487807733,7858.532404762975,0.0,0.035479001666593735,False,False
instant,0.025,0.05,0.8125,0.511522053517508,74113558.5622242,0.11081810774054644,0.012424400717530513,0.017643616472990814,3699941.955378932,5009387.064244953,9793.100863975742,0.0,0.0453841869295081,False,False
instant,0.025,0.06,0.8125,0.4714482883820019,68369386.0239654,0.12080452307022524,0.012432858771246863,0.017660384990830807,4157388.0570368078,5473328.9840551885,11609.606226039146,0.0,0.055279766398523424,False,False
instant,0.025,0.07,0.8125,0.4283962812920958,62186386.90355573,0.13079001235646331,0.012450976656265727,0.017691242648593206,4457515.8323941855,5702041.550819601,13310.203192290892,0.0,0.06516357232078789,False,False
instant,0.025,0.08,0.8125,0.38347526031117213,55721832.36895881,0.1407749686963384,0.012480590056943679,0.017738659905035675,4599106.014040513,5715382.697277843,14904.175806908843,0.0,0.07503352437560339,False,False
instant,0.025,0.09,0.8125,0.33800884904169004,49165166.412652455,0.15075985292791516,0.012523209302338238,0.017804616025071707,4590873.633087057,5545665.957796367,16406.866191578207,0.0,0.08488777297315438,False,False
instant,0.025,0.1,0.8125,0.2933856966366202,42716810.50914578,0.1607451413186355,0.012579854741763728,0.017890383247376625,4450975.698199943,5233292.658508316,17837.586216720494,0.0,0.09472480495592707,False,False
instant,0.025,0.11,0.8125,0.25089421586101607,36564287.863376446,0.1707312691232291,0.012650954875752976,0.017996402776483036,4204813.669040169,4821451.1010280335,19217.067577591733,0.0,0.10454347956204452,False,False
instant,0.025,0.12,0.8125,0.21158169229556098,30861490.9216426,0.18071858371384897,0.012736331136540272,0.018122281654396808,3881674.186857007,4351193.519475358,20565.075703228253,0.0,0.11434297598532,False,False
instant,0.025,0.13,0.8125,0.17616833391613979,25715662.162797727,0.1907073172663914,0.012835269975866185,0.018266907388987303,3511085.8353282213,3857848.3564799563,21898.648132282284,0.0,0.12412265310252797,False,False
instant,0.025,0.14,0.8125,0.1450266469333356,21183801.176863536,0.20069758192981738,0.012946660214629709,0.018428647205873658,3119738.8842793675,3369134.2028607177,23231.13906377086,0.0,0.1338818389937185,False,False
instant,0.03,0.0,0.9209,0.7355686004351002,102062358.52108547,0.06179594156253594,0.013608794112547149,0.019779755603027374,-528547.420432185,-694254.406767488,-943.8336633141024,0.0,-0.004707883120681383,False,False
instant,0.03,0.01,0.9209,0.7128914427175651,98977736.49686682,0.07178509025727228,0.013590623779951896,0.019755245765817584,567407.6601456058,908338.0284817838,1274.1603756936258,0.0,0.005211526994287681,False,False
instant,0.03,0.02,0.9209,0.6857748117592549,95283847.06672266,0.08177218353846111,0.013573174128300523,0.019732211669743246,1585655.8507161748,2346932.359440981,3422.3076135156807,0.0,0.015128538185737502,False,False
instant,0.03,0.03,0.9209,0.6538760266807956,90931077.1227727,0.09175708875303853,0.013557728152985072,0.019712560191578448,2504774.5944120674,3587053.18343064,5485.830703473307,0.0,0.02504168965278442,False,False
instant,0.03,0.04,0.9209,0.6170657099685615,85898184.27720092,0.10173978078378916,0.01354592371207089,0.019698693030046604,3302279.6907115094,4598089.139161316,7451.5388959071815,0.0,0.034949195624594614,False,False
instant,0.03,0.05,0.9209,0.5755166898443002,80204717.95266818,0.11172038178979071,0.013539724963587631,0.019693454858297644,3956810.19386193,5357937.862528898,9309.787113173781,0.0,0.04484898479863619,False,False
instant,0.03,0.06,0.9209,0.529772365755111,73920919.74111187,0.12169918914300204,0.013541335439323555,0.019699998333323334,4450975.659492857,5857323.08946705,11056.301664807137,0.0,0.054738787379825515,False,False
instant,0.03,0.07,0.9209,0.4807683109003108,67171474.2642571,0.13167667953294576,0.013553047547885057,0.019721561324406268,4774406.9512179615,6102567.379248608,12693.364435398486,0.0,0.0646162675926597,False,False
instant,0.03,0.08,0.9209,0.4297860116048034,60130045.481710665,0.1416534805613647,0.01357703975753368,0.019761175316952814,4926280.502113595,6115829.606241298,14229.941042997281,0.0,0.07447918564215028,False,False
instant,0.03,0.09,0.9209,0.3783343340735535,53003709.9000245,0.15163030971558553,0.013615152270642842,0.019821350799024105,4916524.219389482,5932520.415439219,15680.629224324786,0.0,0.08432555910902739,False,False
instant,0.03,0.1,0.9209,0.3279780328973845,46009655.34425779,0.16160789169594805,0.013668686548043665,0.019903804070409474,4765181.55139578,5596510.888360385,17063.675999640443,0.0,0.09415378568103683,False,False
instant,0.03,0.11,0.9209,0.2801526207724293,39349412.94037379,0.17158687343575363,0.013738274938593456,0.020009288795650275,4499957.989768705,5154412.515856903,18398.587532914364,0.0,0.10396269204800164,False,False
instant,0.03,0.12,0.9209,0.2360103728824633,33186875.737191904,0.18156775717578702,0.013823850580507115,0.020137571116443372,4152562.161530154,4650327.220647208,19703.910314836634,0.0,0.11375148840091998,False,False
instant,0.03,0.13,0.9209,0.19632998789613113,27634860.378335193,0.19155086501898144,0.013924720167276925,0.0202875478594009,3754792.47378595,4122066.6232371293,20995.603714995992,0.0,0.1235196290739287,False,False
instant,0.03,0.14,0.9209,0.16149942582794738,22751842.79435219,0.2015363373575872,0.014039714947569826,0.020457470100580133,3335266.774852127,3599202.855536134,22286.16502556812,0.0,0.13326659874617666,False,False
instant,0.04,0.0,0.99925,0.7956975968563708,106091340.01530841,0.06273124037548693,0.015043474125219876,0.02225808081778086,-664169.9305633021,-842714.7387443772,-1059.08920936014,0.0,-0.005691235928205964,True,True
instant,0.04,0.01,0.99925,0.770625198815127,102847134.90172702,0.07271294413898655,0.015012399532861076,0.022213669608670335,478382.9683715664,824637.6760111845,1070.0891656269534,0.0,0.00422854373168554,True,True
instant,0.04,0.02,0.99925,0.7407036164214762,98966325.39381026,0.08269132584962825,0.014980344383628556,0.022168231113600573,1540103.7746814224,2321143.0336681195,3133.700149706491,0.0,0.014147179205130337,False,False
instant,0.04,0.03,0.99925,0.7055843585330719,94398873.2409288,0.09266623349097891,0.014948702388258526,0.02212387494182096,2498685.5538812946,3611109.1739119487,5117.898562008288,0.0,0.0240631296086847,False,False
instant,0.04,0.04,0.99925,0.6651593769579945,89124909.09586997,0.10263770638787631,0.014919363940235339,0.022083422096319475,3330764.3687053034,4662993.703433934,7010.340476232068,0.0,0.03397442576526821,False,False
instant,0.04,0.05,0.99925,0.6196550971014249,83167500.84436786,0.11260603193054869,0.014894701943759813,0.022050372054886747,4014209.886241734,5454207.906407413,8802.006038392468,0.0,0.04387869874308414,False,False
instant,0.04,0.06,0.99925,0.5697014643306467,76602608.75212091,0.12257177724042552,0.014877476504158575,0.022028752018680455,4531090.223745874,5975536.483590121,10488.890862534283,0.0,0.05377327218720888,False,False
instant,0.04,0.07,0.99925,0.5163482040453439,69562491.77103147,0.13253577843728712,0.01487064771326466,0.02202283584111853,4870824.981604688,6233922.531318423,12073.098119599506,0.0,0.0636553205299888,False,False
instant,0.04,0.08,0.99925,0.4610072411441493,62229499.455206886,0.14249907825504604,0.01487710987351907,0.02203675525793345,5032766.185870277,6252619.340110669,13562.952557084842,0.0,0.07352207598018813,False,False
instant,0.04,0.09,0.99925,0.4053189755964122,54819497.4827362,0.15246281772495315,0.014899389226079897,0.022074066525177505,5027394.773015833,6068445.934487737,14972.02524396554,0.0,0.08337104669737531,False,False
instant,0.04,0.1,0.99925,0.35096533723265655,47557533.85582329,0.16242810383120568,0.01493936810350383,0.02213736348108911,4875608.612347457,5726806.056392724,16317.298174082634,0.0,0.09320019577145677,False,False
instant,0.04,0.11,0.99925,0.2994726519450482,40651261.712189674,0.17239588441048787,0.014998099176410453,0.022228026504322915,4606147.1710771015,5275794.642058637,17616.94968736818,0.0,0.10300803327600941,False,False
instant,0.04,0.12,0.99925,0.2520514509121568,34268532.6381127,0.18236685890818372,0.015075750586142286,0.022346161965574755,4251798.006319892,4760821.667338585,18888.29304536633,0.0,0.11279359275913077,False,False
instant,0.04,0.13,0.99925,0.2095060571075891,28523941.667583216,0.19234144036483944,0.015171685248806258,0.022490732434777064,3845367.3637220995,4220762.901677266,20146.25715336597,0.0,0.12255629159582515,False,False
instant,0.04,0.14,0.99925,0.172222060887528,23475863.900187366,0.20231976722328632,0.015284642021841108,0.0226598279797201,3416331.423639189,3685993.3043032037,21402.561816458532,0.0,0.13229569965462282,False,False
instant,0.05,0.0,0.99985,0.7961458404739938,106097130.32488161,0.06274162153485464,0.015043130255318869,0.022259343372000837,-664203.4172356568,-842830.2095616118,-1058.6379614315686,0.0,-0.0056912122556668715,True,True
instant,0.05,0.01,0.99985,0.7710528782292906,102852659.13904035,0.07272318045683955,0.01501206365959964,0.022214962350562664,478411.37757608946,824617.1453080962,1069.4689931017635,0.0,0.004228567718138816,True,True
instant,0.05,0.02,0.99985,0.7411075209578954,98971541.95012735,0.08270139427794353,0.014980017666207017,0.02216955925687876,1540187.5528500562,2321205.2471057787,3132.0762257352035,0.0,0.014147203074763842,True,True
instant,0.05,0.03,0.99985,0.7059613727971294,94403741.74910495,0.09267611147099464,0.014948385911916993,0.022125243427115315,2498816.8446744666,3611240.0654209615,5115.350789112814,0.0,0.02406315295228566,False,False
instant,0.05,0.04,0.99985,0.6655067219185034,89129393.56350648,0.10264737354202776,0.014919058620169772,0.02208483515340555,3330934.164308601,4663177.966245274,7006.958476395851,0.0,0.03397444823177974,False,False
instant,0.05,0.05,0.99985,0.6199705886175596,83171573.01215962,0.11261547190907609,0.01489440842724991,0.022051832784077217,4014408.387659259,5454429.8656916395,8797.88487685229,0.0,0.0438787200774209,False,False
instant,0.05,0.06,0.99985,0.5699837448460869,76606251.10066381,0.1225809794179138,0.014877195089039038,0.022030262085803252,4531307.362519856,5975781.079913841,10484.125440327223,0.0,0.05377329226240924,False,False
instant,0.05,0.07,0.99985,0.5165968990903291,69565699.54694125,0.13254473911508902,0.014870378300844327,0.022024395365376086,4871051.034267671,6234176.240175981,12067.777122072714,0.0,0.06365533936710503,False,False
instant,0.05,0.08,0.99985,0.4612230040280685,62232281.241321445,0.14250780109499006,0.014876851967738573,0.02203836292357614,5032992.377406661,6252870.865742914,13557.153071580933,0.0,0.07352209375198347,False,False
instant,0.05,0.09,0.99985,0.40550340932819995,54821874.17200201,0.15247131331065938,0.014899141979709674,0.022075719884589253,5027613.761095941,6068686.580355495,14965.809018497592,0.0,0.08337106371614883,False,False
instant,0.05,0.1,0.99985,0.35112081277757295,47559536.280017555,0.16243638846474284,0.01493913040078245,0.022139059367236622,4875814.774659316,5727029.761353296,16310.710026127785,0.0,0.09320021246540816,False,False
instant,0.05,0.11,0.99985,0.2996020643400202,40652927.46753925,0.1724039784201813,0.014997869734235576,0.022229761455264722,4606336.670938968,5275997.745197378,17610.017997771924,0.0,0.10300805016087503,False,False
instant,0.05,0.12,0.99985,0.2521579618793854,34269902.74106106,0.1823747848095119,0.015075528054942713,0.02234793258323086,4251968.664489497,4761002.503161104,18881.031824957536,0.0,0.11279361041183784,False,False
instant,0.05,0.13,0.99985,0.20959286501578486,28525057.571137294,0.19234922117561315,0.015171468298569666,0.02249253563788357,3845518.3982340293,4220921.328984754,20138.66897934177,0.0,0.12255631063523942,False,False
instant,0.05,0.14,0.99985,0.17229222268427202,23476765.189234868,0.20232742512679838,0.015284429405561307,0.022661661147116464,3416463.1282884683,3686130.249054049,21394.64098625587,0.0,0.13229572073223766,False,False
instant,0.06,0.0,0.99985,0.7961458404739938,106097130.32488161,0.06274162153485464,0.015043130255318869,0.022259343372000837,-664203.4172356568,-842830.2095616118,-1058.6379614315686,0.0,-0.0056912122556668715,False,False
instant,0.06,0.01,0.99985,0.7710528782292906,102852659.13904035,0.07272318045683955,0.01501206365959964,0.022214962350562664,478411.37757608946,824617.1453080962,1069.4689931017635,0.0,0.004228567718138816,False,False
instant,0.06,0.02,0.99985,0.7411075209578954,98971541.95012735,0.08270139427794353,0.014980017666207017,0.02216955925687876,1540187.5528500562,2321205.2471057787,3132.0762257352035,0.0,0.014147203074763842,False,False
instant,0.06,0.03,0.99985,0.7059613727971294,94403741.74910495,0.09267611147099464,0.014948385911916993,0.022125243427115315,2498816.8446744666,3611240.0654209615,5115.350789112814,0.0,0.02406315295228566,False,False
instant,0.06,0.04,0.99985,0.6655067219185034,89129393.56350648,0.10264737354202776,0.014919058620169772,0.02208483515340555,3330934.164308601,4663177.966245274,7006.958476395851,0.0,0.03397444823177974,False,False
instant,0.06,0.05,0.99985,0.6199705886175596,83171573.01215962,0.11261547190907609,0.01489440842724991,0.022051832784077217,4014408.387659259,5454429.8656916395,8797.88487685229,0.0,0.0438787200774209,False,False
instant,0.06,0.06,0.99985,0.5699837448460869,76606251.10066381,0.1225809794179138,0.014877195089039038,0.022030262085803252,4531307.362519856,5975781.079913841,10484.125440327223,0.0,0.05377329226240924,False,False
instant,0.06,0.07,0.99985,0.5165968990903291,69565699.54694125,0.13254473911508902,0.014870378300844327,0.022024395365376086,4871051.034267671,6234176.240175981,12067.777122072714,0.0,0.06365533936710503,False,False
instant,0.06,0.08,0.99985,0.4612230040280685,62232281.241321445,0.14250780109499006,0.014876851967738573,0.02203836292357614,5032992.377406661,6252870.865742914,13557.153071580933,0.0,0.07352209375198347,False,False
instant,0.06,0.09,0.99985,0.40550340932819995,54821874.17200201,0.15247131331065938,0.014899141979709674,0.022075719884589253,5027613.761095941,6068686.580355495,14965.809018497592,0.0,0.08337106371614883,False,False
instant,0.06,0.1,0.99985,0.35112081277757295,47559536.280017555,0.16243638846474284,0.01493913040078245,0.022139059367236622,4875814.774659316,5727029.761353296,16310.710026127785,0.0,0.09320021246540816,False,False
instant,0.06,0.11,0.99985,0.2996020643400202,40652927.46753925,0.1724039784201813,0.014997869734235576,0.022229761455264722,4606336.670938968,5275997.745197378,17610.017997771924,0.0,0.10300805016087503,False,False
instant,0.06,0.12,0.99985,0.2521579618793854,34269902.74106106,0.1823747848095119,0.015075528054942713,0.02234793258323086,4251968.664489497,4761002.503161104,18881.031824957536,0.0,0.11279361041183784,False,False
instant,0.06,0.13,0.99985,0.20959286501578486,28525057.571137294,0.19234922117561315,0.015171468298569666,0.02249253563788357,3845518.3982340293,4220921.328984754,20138.66897934177,0.0,0.12255631063523942,False,False
instant,0.06,0.14,0.99985,0.17229222268427202,23476765.189234868,0.20232742512679838,0.015284429405561307,0.022661661147116464,3416463.1282884683,3686130.249054049,21394.64098625587,0.0,0.13229572073223766,False,False
instant,0.08,0.0,0.9999,0.7961789831867369,106097296.03844534,0.0627433242851136,0.015043106759425785,0.02225841677755561,-664206.8953984567,-842838.8847096788,-1058.604789260053,0.0,-0.005691233169066175,True,True
instant,0.08,0.01,0.9999,0.7710837132676647,102852813.31423222,0.07272481694294969,0.015012041156687759,0.02221407399148469,478409.83751934324,824611.770083556,1069.4192548679991,0.0,0.004228547767378495,True,True
instant,0.08,0.02,0.9999,0.7411358254436995,98971683.47255635,0.0827029579942533,0.01497999624585311,0.022168712586196102,1540187.6959285391,2321202.696461055,3131.9531680598616,0.0,0.014147184159503142,False,False
instant,0.08,0.03,0.9999,0.70598697898771,94403869.78005785,0.09267759746436612,0.014948365638848769,0.022124440943193234,2498818.3824536153,3611239.818752404,5115.164905633859,0.0,0.024063135126243553,False,False
instant,0.08,0.04,0.9999,0.6655295355507613,89129507.6316678,0.10264877894288747,0.014919039526722156,0.02208407810915619,3330936.7891305024,4663179.49106543,7006.720576580272,0.0,0.03397443152349589,False,False
instant,0.08,0.05,0.9999,0.6199905999935397,83171673.06903952,0.11261679625901316,0.014894390509033524,0.02205112101922643,4014411.7906933115,5454432.652608526,8797.605403477668,0.0,0.04387870448677018,False,False
instant,0.08,0.06,0.9999,0.5700010300051145,76606337.52645895,0.12258222471675088,0.01487717830487396,0.022029594022828756,4531311.252630897,5975784.672755402,10483.813814690444,0.0,0.05377327776054173,False,False
instant,0.08,0.07,0.9999,0.5166116107767881,69565773.10537355,0.13254590957687276,0.014870362576995273,0.022023768170802246,4871055.154348663,6234180.256464787,12067.441239059537,0.0,0.0636553258998674,False,False
instant,0.08,0.08,0.9999,0.46123535464655196,62232342.99441385,0.1425089026728089,0.014876837205453079,0.022037772796627445,5032996.515542835,6252875.005676852,13556.799023935351,0.0,0.07352208124603181,False,False
instant,0.08,0.09,0.9999,0.4055136496913411,54821925.37381771,0.15247235309667512,0.01489912806441727,0.022075162410412016,5027617.755400536,6068690.62536755,14965.441064651624,0.0,0.08337105208642513,False,False
instant,0.08,0.1,0.9999,0.35112921070605674,47559578.269659966,0.16243737408022682,0.014939117211247,0.02213852986917268,4875818.512199173,5727033.565192476,16310.330757376914,0.0,0.09320020162258517,False,False
instant,0.08,0.11,0.9999,0.2996088862646533,40652961.57716242,0.17240491748583048,0.014997857150363081,0.022229255296187966,4606340.082276324,5276001.221003102,17609.628628780574,0.0,0.10300804001770267,False,False
instant,0.08,0.12,0.9999,0.2521634591416971,34269930.227372624,0.18237568454602068,0.015075515963565277,0.02234744538953534,4251971.715772295,4761005.609515893,18880.63252987247,0.0,0.1127936008878364,False,False
instant,0.08,0.13,0.9999,0.20959726518948327,28525079.572005786,0.19235008814580157,0.015171456597095598,0.02249206344153294,3845521.082581887,4220924.056973985,20138.25921420359,0.0,0.12255630165966273,False,False
instant,0.08,0.14,0.9999,0.17229572530188694,23476782.70232294,0.20232826510368118,0.015284418003762273,0.022661200455863804,3416465.45772174,3686132.6113936007,21394.219763345638,0.0,0.13229571224555528,False,False
instant,1.0,0.0,1.0,0.7962315074673425,106097558.65984836,0.06274741323149088,0.015043069523490736,0.022256948476794217,-664206.317160367,-842845.0869742053,-1058.5427467636034,0.0,-0.005691214127057518,True,True
instant,1.0,0.01,1.0,0.7711311183374663,102853050.33958124,0.07272858258388565,0.015012006561366736,0.02221270838749971,478412.77140084043,824609.8967776481,1069.3510833222247,0.0,0.004228563954472428,True,True
instant,1.0,0.02,1.0,0.7411780543873597,98971894.61727466,0.08270640682531323,0.014979964287819975,0.022167449514105285,1540192.4590020357,2321204.202489206,3131.776755597356,0.0,0.014147197728644222,True,True
instant,1.0,0.03,1.0,0.7060240973421896,94404055.37183024,0.09268074340336797,0.01494833625140707,0.022123277777736584,2498824.4638819667,3611243.807791427,5114.901632091405,0.0,0.024063146382659672,True,True
instant,1.0,0.04,1.0,0.6655617264476396,89129668.58615217,0.10265164197192664,0.014919012585229468,0.022083009979405314,3330943.7146085524,4663185.15711523,7006.39019915471,0.0,0.033974440808305785,True,True
instant,1.0,0.05,1.0,0.620018150615595,83171810.82214978,0.11261940076996724,0.014894365840235312,0.022050141173554992,4014419.1403111313,5454439.306692854,8797.225212322133,0.0,0.04387871214612881,True,True
instant,1.0,0.06,1.0,0.5700243106298565,76606453.92958266,0.12258459778373897,0.014877155699075913,0.02202869430205878,4531318.673940758,5975791.75717931,10483.398068717934,0.0,0.05377328412120457,True,True
instant,1.0,0.07,1.0,0.5166310487595988,69565870.2952876,0.13254807933047605,0.014870341801732136,0.02202293953762552,4871062.369339819,6234187.346383378,12067.000931034443,0.0,0.0636553312534584,True,True
instant,1.0,0.08,1.0,0.46125140659239366,62232423.254143074,0.14251089690003346,0.014876818019137277,0.02203700586317131,5033003.321098543,6252881.799775694,13556.341965372787,0.0,0.07352208584181126,True,True
instant,1.0,0.09,1.0,0.4055267752768469,54821991.00174524,0.1524741981430206,0.01489911022852917,0.02207444790905369,5027624.017905634,6068696.928962842,14964.97222611216,0.0,0.08337105613073445,False,False
instant,1.0,0.1,1.0,0.3511400690971487,47559632.56161543,0.1624391228928192,0.01493910015741705,0.022137845273945085,4875824.261162092,5727039.372108831,16309.842926311982,0.0,0.0932002051194316,False,False
instant,1.0,0.11,1.0,0.2996182558762871,40653008.42522059,0.17240664558070443,0.014997839867005432,0.022228560146660362,4606345.49003588,5276006.685463143,17609.096181514436,0.0,0.10300804224185299,False,False
instant,1.0,0.12,1.0,0.25217158400960943,34269970.85171219,0.18237739859382354,0.015075498092733631,0.022346725363753366,4251976.758555188,4761010.7011261955,18880.04439447376,0.0,0.11279360095152308,False,False
instant,1.0,0.13,1.0,0.20960436369136087,28525115.064515173,0.19235178829384944,0.015171437719938941,0.022491301720966826,3845525.7607506337,4220928.774316921,20137.59971396479,0.0,0.12255629826090315,False,False
instant,1.0,0.14,1.0,0.17230198714428238,23476814.011534914,0.20232994173657154,0.01528439762011554,0.02266037689678536,3416469.7880700016,3686136.971844844,21393.467556228145,0.0,0.13229570349674208,False,False
standard,0.01,0.0,0.10735,0.0774820121480167,15145015.047309555,0.05580532873347285,0.005344929881863554,0.007635048591969757,-40162.37973137031,-57315.30933504173,-739.724069446599,0.0,-0.002410777023805717,False,False
standard,0.01,0.01,0.10735,0.07539079094564761,14737291.897692442,0.06580483635522351,0.005342310642074929,0.007631997690984584,122001.55012411143,182569.0587869174,2421.636071155416,0.0,0.007525839949617533,False,False
standard,0.01,0.02,0.10735,0.07286621299880501,14244985.848831559,0.07580424363484171,0.005340672093511923,0.007630482346978234,273464.4508991383,399606.5152183099,5484.112578004614,0.0,0.017452038837394535,False,False
standard,0.01,0.03,0.10735,0.06986302379377482,13659223.187611768,0.08580354043296823,0.005340541641464976,0.007631268781249405,411157.2679619182,588592.636095107,8424.952201217973,0.0,0.02736461139677649,False,False
standard,0.01,0.04,0.10735,0.06635244400093615,12974329.894992515,0.09580272052529348,0.005342555750266416,0.007635273997133552,531758.4033360473,744644.8186415194,11222.568058397566,0.0,0.03725947576622618,False,False
standard,0.01,0.05,0.10735,0.06233170674727196,12189695.107615624,0.10580178383399387,0.00534744235143567,0.0076435379354549155,631970.1689123907,863877.3046410641,13859.355851488423,0.0,0.047131477063439016,False,False
standard,0.01,0.06,0.10735,0.05783299120291614,11311521.614744594,0.11580073852825748,0.005355984367076611,0.007657168819794783,708910.7123346139,944100.6628667755,16324.603711992864,0.0,0.05697414599822692,False,False
standard,0.01,0.07,0.10735,0.05292914812639865,10353955.559961634,0.1257996023852359,0.005368964121625111,0.007677262074878553,760574.0189105681,985368.1628144043,18616.739503558107,0.0,0.06677939868276744,False,False
standard,0.01,0.08,0.10735,0.04773345858804752,9339055.172316168,0.13579840275585875,0.0053870935311625115,0.007704800562840445,786263.1414848141,990190.1704850391,20744.15304850722,0.0,0.07653715080257212,False,False
standard,0.01,0.09,0.10735,0.04239169134075334,8295255.704111943,0.14579717470802056,0.005410940609695916,0.007740551698790598,786873.755154128,963315.5491807202,22724.159350882866,0.0,0.08623480733188862,False,False
standard,0.01,0.1,0.10735,0.0370669250371395,7254415.965513325,0.15579595743213107,0.005440866743037075,0.007784982019642998,764921.8300897776,911113.8154755495,24580.237356151116,0.0,0.09585657690509784,False,False
standard,0.01,0.11,0.10735,0.03192017960120281,6248036.4013005365,0.1657947896116648,0.005476989020835537,0.007838208850168038,724277.4064966796,840720.7457481585,26338.221032956804,0.0,0.10538254959094326,False,False
standard,0.01,0.12,0.10735,0.02709155918377313,5303566.212368696,0.17579370487660362,0.0055191767626282156,0.007900000855592516,669661.2330409711,759169.6118935724,28022.366920405515,0.0,0.11478746842235782,False,False
standard,0.01,0.13,0.10735,0.02268640056901176,4441680.724765404,0.1857927284324573,0.005567082701851228,0.00796982687070669,606036.3674590985,672699.116740902,29652.08670694847,0.0,0.1240391163560373,False,False
standard,0.01,0.14,0.10735,0.018768968749673938,3675031.476159864,0.19579187550393365,0.005620200499530919,0.008046940307910599,538046.1060640555,586337.7784392545,31239.743976314123,0.0,0.13309622703033375,False,False
standard,0.015,0.0,0.3633,0.26079612169000127,43695115.58911035,0.05792712739375077,0.00797957799030238,0.010975422005813994,-117107.99133025772,-175462.96034069054,-672.7974296690535,0.0,-0.0024364693596729283,False,False
standard,0.015,0.01,0.3633,0.2534197344879827,42465353.11440846,0.06792533083841225,0.007975306937255485,0.010970105930064271,350505.59165074787,513718.2210333273,2027.1437110896668,0.0,0.007503562871519147,False,False
standard,0.015,0.02,0.3633,0.24454225118951445,40984837.67439142,0.07792317204177207,0.007972508423409873,0.01096693392801469,786185.1186637142,1135149.192870678,4641.93482864016,0.0,0.01743849152015344,False,False
standard,0.015,0.03,0.3633,0.23402033471314035,39229386.613641545,0.0879206168923564,0.007971983707264934,0.010967021579683626,1180928.8020366186,1673857.2166673539,7152.614403013953,0.0,0.027366516045442987,False,False
standard,0.015,0.04,0.3633,0.2217730687671636,37185150.91177176,0.09791764645848254,0.007974695932123283,0.010971702963041109,1525109.458509155,2116079.8075114056,9541.644615708716,0.0,0.037285397802710465,False,False
standard,0.015,0.05,0.3633,0.20781429457797249,34854029.87499197,0.10791426487563245,0.007981740988039854,0.010982487842632156,1809330.3432163184,2451245.5603134516,11795.365498275372,0.0,0.04719241282743258,False,False
standard,0.015,0.06,0.3633,0.1922811944427686,32258487.98964994,0.11791050639048876,0.007994289828634165,0.011000979600241666,2025598.9163898872,2673946.2916318504,13906.436869091403,0.0,0.057084310986468705,False,False
standard,0.015,0.07,0.3633,0.17544998162565087,29444248.914754596,0.12790643933788087,0.008013502702361714,0.01102875524108303,2168657.307039431,2785376.388862554,15875.615164244227,0.0,0.06695727401540853,False,False
standard,0.015,0.08,0.3633,0.15772978901529744,26479367.05330068,0.13790216483635837,0.008040423605549529,0.011067219721474305,2237176.606652987,2793750.4397353074,17712.256240096503,0.0,0.07680685535440562,False,False
standard,0.015,0.09,0.3633,0.1396302353115452,23448895.293260448,0.14789780900921431,0.008075871551159627,0.011117458053759431,2234460.757840775,2713470.4098295267,19433.25816056378,0.0,0.08662787462986646,False,False
standard,0.015,0.1,0.3633,0.12170613127733963,20445695.038150765,0.1578935094734667,0.008120350489701226,0.01118011530492837,2168381.591473223,2563210.073016759,21060.64867985826,0.0,0.09641423236383541,False,False
standard,0.015,0.11,0.3633,0.10449116393258132,17559343.613356538,0.16788939893416982,0.008173998589563124,0.011255332301308433,2050483.0368949173,2363427.723900996,22618.445760886556,0.0,0.1061586087231858,False,False
standard,0.015,0.12,0.3633,0.08843679768808303,14865852.92150426,0.17788558989265252,0.008236589098666276,0.011342752578511231,1894462.9012961567,2133941.997546492,24129.571098593085,0.0,0.11585201402652198,False,False
standard,0.015,0.13,0.3633,0.07387051841815878,12420584.563458048,0.18788216404559133,0.008307581799179488,0.011441597823814478,1714431.6903260243,1892077.9515579434,25613.438108657356,0.0,0.1254831651416914,False,False
standard,0.015,0.14,0.3633,0.06098015797041173,10255523.246292466,0.19787916816401177,0.008386211369110675,0.011550792020907965,1523370.110027044,1651616.9596819947,27084.49788672863,0.0,0.13503766555324814,False,False
standard,0.02,0.0,0.62785,0.4485304941609651,67153180.90665613,0.059697270950692806,0.010492248243151522,0.015158782842947914,-251397.5815894161,-351990.8403912908,-784.7645700204522,0.0,-0.003403312440375038,False,False
standard,0.02,0.01,0.62785,0.43533743214521164,65197421.29546249,0.06969307791206054,0.010484205557329975,0.015147932863172689,468012.46214408235,704687.0417247236,1618.7145641307209,0.0,0.006525808325275733,False,False
standard,0.02,0.02,0.62785,0.41950385314590194,62848589.094485134,0.07968805574291482,0.010477707585618877,0.015139483192207417,1137281.4445942987,1655318.2995700918,3945.8953407857684,0.0,0.016450523985576247,False,False
standard,0.02,0.03,0.62785,0.40079867321994617,60071502.86050494,0.08968213395191364,0.010473784996804476,0.01513494038097562,1742434.3030360453,2477011.2102547805,6180.188148715432,0.0,0.026369095313905855,False,False
standard,0.02,0.04,0.62785,0.3791084392044468,56848199.87967475,0.0996752796537632,0.010473694916143068,0.015136130518967995,2268659.4932016046,3149065.1183436085,8306.502289824706,0.0,0.036279384843454915,False,False
standard,0.02,0.05,0.62785,0.3544927198791315,53186234.6074636,0.10966751515688472,0.010478886852601541,0.015145145679166241,2701686.8449734114,3656033.153063527,10313.422386530518,0.0,0.046178846239120074,False,False
standard,0.02,0.06,0.62785,0.32723036727767096,49125711.48677179,0.11965893273030637,0.010490929819690688,0.015164234588149106,3029631.2418518234,3990674.5203844234,12195.306180120322,0.0,0.05606453599368076,False,False
standard,0.02,0.07,0.62785,0.29784061923648203,44742665.85751617,0.12964970144529642,0.01051140015930337,0.015195637998215017,3245026.9460834996,4155987.044744211,13953.728189922962,0.0,0.06593314099419,False,False
standard,0.02,0.08,0.62785,0.26706461328858605,40146600.96883609,0.13964006142175003,0.01054174021544861,0.01524138467682984,3346584.705331208,4165611.273295834,15597.76573167534,0.0,0.07578100408751694,False,False
standard,0.02,0.09,0.62785,0.23580171837247357,35471261.888193816,0.1496303035589854,0.010583109679418915,0.015303080344560425,3340134.712817135,4042332.8257767754,17142.932009475375,0.0,0.08560411840244368,False,False
standard,0.02,0.1,0.62785,0.20500937374676922,30859841.94586401,0.15962073738741323,0.010636259315022788,0.015381732307966096,3238365.7600503634,3815017.2803308154,18608.989484759775,0.0,0.09539805414225794,False,False
standard,0.02,0.11,0.62785,0.17558873504659092,26447882.683820553,0.1696116541209684,0.010701456010362136,0.015477650257565784,3059320.756620303,3514798.1077592443,20017.218683343344,0.0,0.1051577822347962,False,False
standard,0.02,0.12,0.62785,0.1482841110814978,22348050.46419598,0.1796032939587846,0.010778476982128388,0.015590446828850626,2824013.731233934,3171472.7331013232,21387.812287981844,0.0,0.11487736768474452,False,False
standard,0.02,0.13,0.62785,0.12361864004196323,18640218.87259084,0.189595825024402,0.010866672934766767,0.015719135498502287,2553793.295138881,2810828.434916445,22737.901290309368,0.0,0.12454951758757891,False,False
standard,0.02,0.14,0.62785,0.10187511224959023,15368293.91738516,0.19958933699147835,0.010965082354663244,0.01586229876752082,2268075.4962589405,2453195.8113452774,24080.42314922843,0.0,0.1341649779646897,False,False
standard,0.025,0.0,0.8005,0.56980383772319,81146572.37360294,0.060957688549573855,0.012119564095906726,0.017244248474113044,-352338.16494708933,-480749.72055152175,-843.7109207135059,0.0,-0.003947269900747754,False,False
standard,0.025,0.01,0.8005,0.5525656190053788,78724438.16576791,0.07095019580162282,0.012107149989528714,0.017229105127270532,517242.9605785111,793439.482062629,1435.9190198818817,0.0,0.005972997511434258,False,False
standard,0.025,0.02,0.8005,0.5319209285406795,75820912.23736402,0.08094124520475393,0.012096004126656979,0.017216279923744474,1325189.0327222343,1937687.900313453,3642.811922496607,0.0,0.01588898454166952,False,False
standard,0.025,0.03,0.8005,0.5075922540451943,72395446.14413999,0.09093072501104665,0.012087289651743013,0.017207472627141604,2054494.6018163355,2924468.4750157497,5761.452133498013,0.0,0.025798892952036315,False,False
standard,0.025,0.04,0.8005,0.47946104045116816,68429469.16386582,0.10091859396358728,0.012082452592215255,0.017204762034108773,2687264.761833368,3729199.7283807206,7777.899378167577,0.0,0.0357005248638268,False,False
standard,0.025,0.05,0.8005,0.44763736856048925,63936335.12535339,0.11090491112194563,0.012083188919480485,0.017210548379235236,3206433.846217643,4333950.794975615,9681.834224235387,0.0,0.045591287872269105,False,False
standard,0.025,0.06,0.8005,0.4125154646941713,58969424.59846164,0.12088985921471951,0.012091364487563289,0.017227430628102856,3598022.549591759,4730926.106884219,11468.481818958255,0.0,0.05546822972770354,False,False
standard,0.025,0.07,0.8005,0.37479461301019157,53625508.78416977,0.13087375268255944,0.012108885496315983,0.01725801833892859,3853577.6102469,4924755.37714609,13139.877698861628,0.0,0.0653280957585224,False,False
standard,0.025,0.08,0.8005,0.33544823435075233,48040858.48025133,0.14085702306650716,0.01213753006631478,0.017304695790360466,3972216.524497002,4932776.05458499,14705.02912060991,0.0,0.07516738970943591,False,False
standard,0.025,0.09,0.8005,0.2956362045623734,42379253.91498646,0.15084017983689313,0.01217876639056095,0.017369375543503922,3961640.0884949886,4783046.990494631,16178.826938922843,0.0,0.08498240664560905,False,False
standard,0.025,0.1,0.8005,0.2565738739062311,36813639.493045785,0.16082375277472158,0.012233593683252324,0.017453291286461194,3837679.070320409,4510557.916530694,17579.957958537692,0.0,0.09476919975531842,False,False
standard,0.025,0.11,0.8005,0.2193875431230762,31505543.22356823,0.17080822902621134,0.012302442344057762,0.017556877643155146,3622374.7004762786,4152647.61192074,18928.36554348534,0.0,0.10452344484765007,False,False
standard,0.025,0.12,0.8005,0.18499156925637952,26587273.592914168,0.18079400015434663,0.012385156815038153,0.017679765187351704,3341068.32401265,3744760.4890902946,20242.87108944104,0.0,0.11424017695522516,False,False
standard,0.025,0.13,0.8005,0.15401368139647303,22150801.14875474,0.19078133061144298,0.012481062597948438,0.0178208885382933,3019258.900300058,3317362.9749050904,21539.404453071267,0.0,0.12391338805408864,False,False
standard,0.025,0.14,0.8005,0.12677741311721788,18244763.691897478,0.20077035126704043,0.012589096964906737,0.01797867660183466,2679955.7316075563,2894330.4462997373,22830.016602591902,0.0,0.13353548631887627,False,False
standard,0.03,0.0,0.9044,0.6419776944833435,88329327.42453812,0.06187183961678954,0.01301298983040871,0.019065973172196084,-404981.52032466105,-549893.466566139,-856.5616395888756,0.0,-0.0041680948922824855,False,False
standard,0.03,0.01,0.9044,0.6221502610102203,85649619.59404306,0.07186039386901442,0.012996622824810657,0.019043366898636907,541466.8533147996,835028.8158066754,1342.165820923698,0.0,0.005747166143359972,False,False
standard,0.03,0.02,0.9044,0.5984443044256973,82441529.69359463,0.08184676600161822,0.01298112460775869,0.019022363580782575,1419971.254129047,2077121.229537585,3470.8680727288634,0.0,0.015658163586930993,False,False
standard,0.03,0.03,0.9044,0.5705620640721117,78662486.0791481,0.09183080943031,0.012967725830852062,0.019004804608902883,2211938.5218638065,3146531.3300943766,5514.792391974899,0.0,0.02556305174071288,False,False
standard,0.03,0.04,0.9044,0.538392684859927,74294676.37494896,0.1018124898394931,0.012957984598954399,0.01899299618648618,2897904.003929192,4016831.9371668682,7460.784758269743,0.0,0.035459582219520565,False,False
standard,0.03,0.05,0.9044,0.5020897157778903,69355774.01838641,0.1117919277882353,0.012953756874156681,0.018989657072996807,3459440.2593563,4669049.810449406,9299.23410842148,0.0,0.04534511704087067,False,False
standard,0.03,0.06,0.9044,0.46213047311126026,63907425.59890967,0.12176942934545443,0.012957113207741443,0.01899778842847537,3881631.0551264794,5095391.542119402,11025.872212700113,0.0,0.055216674300218406,False,False
standard,0.03,0.07,0.9044,0.4193343957115072,58058361.567814544,0.13174549193247598,0.01297019760083044,0.019020462111928812,4155707.144630176,5301612.995981839,12642.924239463606,0.0,0.06507099897427647,False,False
standard,0.03,0.08,0.9044,0.37482209149295687,51959507.176291436,0.14172077585449397,0.012995039184983117,0.019060545624853303,4281208.911755181,5307181.918872,14159.20256389617,0.0,0.0749046384984094,False,False
standard,0.03,0.09,0.9044,0.3299114151133028,45790375.19286481,0.15169604089016914,0.01303334501430072,0.01912040657733556,4266993.960217285,5142998.1931662345,15589.027713393773,0.0,0.08471399070308994,False,False
standard,0.03,0.1,0.9044,0.28596761087641814,39738840.10630617,0.16167205907745663,0.013086315384849355,0.01920165665747655,4130646.335391891,4847216.43753983,16950.22881327134,0.0,0.09449528527075814,False,False
standard,0.03,0.11,0.9044,0.24424190518241168,33978874.84553667,0.17164952398199257,0.013154524002489322,0.019304994070797023,3896320.5020562136,4460283.3861966375,18261.74498133513,0.0,0.10424446257934605,False,False
standard,0.03,0.12,0.9044,0.20573754477089787,28651644.05569057,0.18162897823972277,0.013237890836318699,0.019430180816407117,3591558.5879281657,4020399.399386253,19541.398745976236,0.0,0.11395692531313566,False,False
standard,0.03,0.13,0.9044,0.17113148780936008,23854023.70520979,0.19161077412833202,0.013335750353235278,0.019576154687604656,3243905.5601004176,3560262.676636974,20804.252462311873,0.0,0.12362715368613772,False,False
standard,0.03,0.14,0.9044,0.1407598824248329,19635909.2417258,0.20159507027007437,0.013446992680473757,0.01974124093069577,2878094.2417506548,3105402.4984174715,22061.701423172086,0.0,0.13324818721012044,False,False
standard,0.04,0.0,0.9869,0.6983653672096358,93353880.14425372,0.06282261231047696,0.014568375694244975,0.021647883036799313,-519224.9860584084,-676931.1157627665,-969.307969075684,0.0,-0.005056273117616182,False,True
standard,0.04,0.01,0.9869,0.6763154322057308,90476844.13360591,0.07280413164176189,0.014539221503802442,0.02160584412773206,483394.33960621414,786805.7730598572,1163.3710183039502,0.0,0.00485703722151365,False,True
standard,0.04,0.02,0.9869,0.6500042571938988,87037382.05674978,0.08278226535137413,0.01450928462492441,0.02156299049843318,1413819.4408526476,2098758.9279198996,3228.8387417343197,0.0,0.014767107769131937,False,True
standard,0.04,0.03,0.9869,0.6191274917948062,82992302.4726888,0.0927568451251168,0.014479913172230807,0.021521368614162508,2252346.171759596,3227546.423145114,5213.056221730178,0.0,0.02467201617338165,False,False
standard,0.04,0.04,0.9869,0.5835927764753089,78325396.12380826,0.10272789369477847,0.014452922845109526,0.021483702143140142,2978424.370320382,4145591.3124913,7103.568583437898,0.0,0.03456935620463511,False,False
standard,0.04,0.05,0.9869,0.5436022034922248,73058608.85075662,0.11269568406659486,0.014430581535016201,0.02145335862080646,3572702.5886763353,4833354.572652168,8891.344703170063,0.0,0.0444562454082039,False,False
standard,0.04,0.06,0.9869,0.4997125804016977,67260616.8631633,0.12266077450006241,0.014415518072222723,0.021434204494181784,4019650.305566529,5283191.628811587,10572.460722451,0.0,0.05432937907705007,False,False
standard,0.04,0.07,0.9869,0.4528490924040105,61049529.02855269,0.13262400121245183,0.014410545280289594,0.02143033693770129,4310318.905345587,5501734.252084278,12149.155964689206,0.0,0.0641851263144011,False,False
standard,0.04,0.08,0.9869,0.40425400958438834,54587085.43716281,0.14258641845036837,0.01441840975476138,0.021445713779291886,4444568.469619828,5509937.289772425,13629.88902803256,0.0,0.07401964692206671,False,False
standard,0.04,0.09,0.9869,0.35536865434569986,48063797.80216543,0.15254919051547794,0.01444150739190477,0.021483740969778894,4432053.626361243,5340585.702327689,15028.297057208678,0.0,0.08382899072837889,False,False
standard,0.04,0.1,0.9869,0.3076689961052535,41677426.650559515,0.16251345708615914,0.014481623268938775,0.021546903552332453,4291526.454551042,5033865.357219376,16361.301986688613,0.0,0.09360913087716075,False,False
standard,0.04,0.11,0.9869,0.26249276573180225,35609689.469549716,0.17248020353134086,0.014539755617362855,0.021636525115516687,4048518.0708680633,4632171.16277393,17646.852666053186,0.0,0.10335588510715985,False,False
standard,0.04,0.12,0.9869,0.22089938491018074,30006801.110558838,0.18245016614058418,0.01461606273734515,0.02175270824755296,3731980.7705793264,4175403.489507279,18901.83393315028,0.0,0.11306469419834023,False,False
standard,0.04,0.13,0.9869,0.1835913102922422,24967954.143787578,0.19242378923488326,0.01470993676184649,0.021894457218269114,3370755.5239050635,3697625.1412771493,20140.523728444656,0.0,0.12273024797718597,False,False
standard,0.04,0.14,0.9869,0.15090367333882995,20542991.757054284,0.20240123390607073,0.014820174507283129,0.02205993640881903,2990660.3114531785,3225375.982045306,21373.740682927193,0.0,0.13234596661839507,False,False
standard,0.05,0.0,0.9993,0.7066330210536649,94103925.68505709,0.06302359034160322,0.014944675047417273,0.022161691155935054,-546660.2959250008,-706314.9551853888,-999.5498853594447,0.0,-0.005281011411251656,False,True
standard,0.05,0.01,0.9993,0.6842131160529028,91193328.96579376,0.07300259659088278,0.014910704459222287,0.022113659936032207,464729.75498003274,769349.9892068018,1124.4303436406447,0.0,0.004632812511920301,False,True
standard,0.05,0.02,0.9993,0.6574735953834028,87715023.22957672,0.08297782138926785,0.014875319748263626,0.02206404703272208,1403280.333202348,2091858.1105421395,3181.6610206563228,0.0,0.01454379588410299,False,True
standard,0.05,0.03,0.9993,0.6261114055760411,83625935.9801499,0.09294910448634423,0.01483991538989274,0.02201496031809878,2249118.867630079,3229621.104577441,5158.221166097579,0.0,0.024449992601729198,False,True
standard,0.05,0.04,0.9993,0.5900397637167092,78910363.58199084,0.1029165056997332,0.014806405459943375,0.02196924887117698,2981536.2647763626,4154923.7697944613,7041.769089632626,0.0,0.034348942146448964,False,True
standard,0.05,0.05,0.9993,0.5494710086690598,73591179.17324534,0.11288036718799437,0.014777210951459903,0.021930472759956698,3581052.949214551,4848181.806838042,8823.362343686538,0.0,0.04423767518985076,False,True
standard,0.05,0.06,0.9993,0.5049764833200995,67738373.33801697,0.1228413463581362,0.014755162307719425,0.02190275031059337,4032062.166716842,5301809.03661532,10499.12067539699,0.0,0.05411277065011053,False,True
standard,0.05,0.07,0.9993,0.45749894198364965,61471643.058685005,0.13280040052859063,0.014743306344042272,0.021890470024529776,4325606.26642264,5522592.011196817,12071.267284797757,0.0,0.06397046080836628,False,True
standard,0.05,0.08,0.9993,0.4082993042009472,54954414.0329974,0.1427587139606506,0.014744632008712946,0.021897890924612144,4461608.116141247,5531713.348728373,13548.1821590514,0.0,0.07380676238081244,False,True
standard,0.05,0.09,0.9993,0.35883640626234076,48378781.203896284,0.15271757463857671,0.014761758963279348,0.021928696785474308,4449848.936586679,5362226.041349348,14943.372377408918,0.0,0.08361759255632097,False,False
standard,0.05,0.1,0.9993,0.31060065839020107,41943811.16156934,0.16267822580530286,0.014796653837604748,0.021985597871888064,4309252.620707448,5054590.79324198,16273.599738774548,0.0,0.09339881794172042,False,False
standard,0.05,0.11,0.9993,0.2649399290331833,35832139.21225085,0.1726417270442052,0.014850439060122912,0.02207007156230883,4065543.394404426,4651456.997658774,17556.64770739856,0.0,0.10314618723919311,False,False
standard,0.05,0.12,0.9993,0.22291911687498103,30190477.336091228,0.18260885623947384,0.014923335341288913,0.022182297210534857,3747864.776768467,4192941.816227648,18809.251871292676,0.0,0.11285511517862497,False,False
standard,0.05,0.13,0.9993,0.1852419010221577,25118130.920366574,0.19258006888408238,0.015014740680212359,0.022321285269979587,3385229.2611006196,3713279.666951956,20045.570934341642,0.0,0.12252030838647271,False,False
standard,0.05,0.14,0.9993,0.15224127192100784,20664751.834873058,0.20255551269978378,0.015123412885400499,0.022485150223986682,3003596.198932795,3239137.072392896,21276.34005891359,0.0,0.13213524269968988,False,False
standard,0.06,0.0,0.99985,0.7069902742743063,94143597.52596603,0.0630350873983325,0.014996484376359653,0.02220752790667168,-550997.3946609515,-710740.8919217442,-1005.3050484340646,0.0,-0.005320666891669295,False,True
standard,0.06,0.01,0.99985,0.6845525329904472,91231024.31807451,0.07301388804872155,0.014961547045197995,0.022158693981571994,460989.0071865883,765666.8204286182,1118.492421733984,0.0,0.004593622824655095,False,True
standard,0.06,0.02,0.99985,0.6577926257405686,87750461.34720325,0.0829888783812758,0.014925075324146822,0.022108179482794102,1400119.2746000197,2088864.0149661144,3175.5661788004836,0.0,0.014505173928893576,False,True
standard,0.06,0.03,0.99985,0.6264076610006978,83658854.03329098,0.09295990011888917,0.014888476190746668,0.022058102766296106,2246510.9000500278,3227251.7998020495,5151.9992502110445,0.0,0.024412032175296295,False,True
standard,0.06,0.04,0.99985,0.5903112176406161,78940538.50870286,0.10292701736486315,0.014853686391803726,0.02201133178060852,2979444.2869731635,4153106.852481796,7035.45304302556,0.0,0.03431172077869141,False,True
standard,0.06,0.05,0.99985,0.5497161948973464,73618449.38386624,0.1128905788748438,0.014823159415750279,0.021971453571378655,3579429.9164511533,4846840.192538134,8816.98636046775,0.0,0.04420124607360866,False,True
standard,0.06,0.06,0.99985,0.5051946560814115,67762656.21930848,0.12285125053611924,0.014799765846142855,0.021942619766589715,4030852.910147454,5300864.836405947,10492.717554699784,0.0,0.054077156076026686,False,True
standard,0.06,0.07,0.99985,0.45769016233501664,61492944.46167798,0.13280999919192607,0.014786596406999893,0.021929255309224478,4324750.411107475,5521970.233720683,12064.865466080855,0.0,0.063935648508019,False,True
standard,0.06,0.08,0.99985,0.4084644322281382,54972827.50279772,0.14276801858230226,0.014786682875402225,0.021935654805746527,4461043.64528033,5531344.925325443,13541.803126290419,0.0,0.07377270566582596,False,True
standard,0.06,0.09,0.99985,0.3589770010906561,48394477.15448442,0.15272660503761504,0.014802681950262533,0.021965532853373944,4449515.7839766545,5362049.895656217,14937.02905580317,0.0,0.08358421429282575,False,False
standard,0.06,0.1,0.99985,0.31071880974950783,41957018.55701653,0.16268700818661466,0.014836588007437541,0.0220216228588016,4309095.703299863,5054554.910857264,16267.296192760567,0.0,0.09336601753409138,False,False
standard,0.06,0.11,0.99985,0.26503805664145447,35843123.683539085,0.1726502916257974,0.014889540279794241,0.022105416262970544,4065514.696978222,4651518.62185217,17550.380050306438,0.0,0.10311384924009097,False,False
standard,0.06,0.12,0.99985,0.22299977400287344,30199519.68837566,0.18261723489734866,0.01496176557216805,0.022217097564545044,3747924.3724175454,4193066.981404458,18803.010003725067,0.0,0.11282311805232237,False,False
standard,0.06,0.13,0.99985,0.18530760902471397,25125508.960288167,0.1925882931428966,0.015052658920933524,0.022355674795731795,3385345.386466209,3713442.2990465686,20039.340632533425,0.0,0.1224885322654966,False,False
standard,0.06,0.14,0.99985,0.15229439911566953,20670726.999533027,0.20256361224356123,0.015160968511928687,0.02251925443627634,3003744.6390405707,3239317.8614564203,21270.10500889213,0.0,0.13210357548837182,False,False
standard,0.08,0.0,0.99995,0.707049715362783,94152513.68923755,0.06303835033083537,0.015007165529095111,0.02221833459607127,-551725.3751970405,-711488.437199398,-1006.2778072604658,0.0,-0.005327192055242324,False,True
standard,0.08,0.01,0.99995,0.6846080088037552,91239345.6900707,0.073017033937041,0.014971885826852117,0.02216916537011022,460389.36436779716,765076.1609126502,1117.5390165965198,0.0,0.004587229145752789,False,True
standard,0.08,0.02,0.99995,0.6578437433344727,87758128.98628885,0.0829918959664802,0.014935037930487645,0.022118282375295995,1399639.3913444858,2088412.6104494908,3174.6332341229895,0.0,0.014498935441930426,False,True
standard,0.08,0.03,0.99995,0.6264541151712696,83665822.15887678,0.09296278082959408,0.01489803601190167,0.022067810974798433,2246140.0381012545,3226920.5988828563,5151.088516675529,0.0,0.024405969325269006,False,True
standard,0.08,0.04,0.99995,0.5903528227085855,78946779.26889826,0.10292975625093512,0.014862826900598494,0.02202062896494061,2979169.9036598364,4152876.3716271445,7034.566807986823,0.0,0.03430584884064254,False,True
standard,0.08,0.05,0.99995,0.5497529055218762,73623955.97754572,0.11289317520829155,0.01483187626972654,0.021980335319945945,3579238.25742137,4846691.499533548,8816.12711975141,0.0,0.04419557354788887,False,True
standard,0.08,0.06,0.99995,0.5052265723313042,67767443.6567924,0.12285370794031795,0.01480806773044729,0.02195109445029017,4030729.7581019537,5300780.379648798,10491.88754104721,0.0,0.05407168372250394,False,True
standard,0.08,0.07,0.99995,0.4577175178390909,61497047.78728914,0.13281232526793874,0.01479450440711498,0.021937343494923368,4324681.869409231,5521934.425190495,12064.066176142536,0.0,0.06393036923965673,False,True
standard,0.08,0.08,0.99995,0.4084875682741487,54976297.90969931,0.14277022412067017,0.014794228513888655,0.021943387353512415,4461016.831016125,5531344.453999141,13541.034987598163,0.0,0.07376760532401729,False,True
standard,0.08,0.09,0.99995,0.35899633245344725,48397376.858903095,0.15272870298881747,0.014809904315960121,0.021972948112416176,4449519.336818144,5362073.802080484,14936.29131371644,0.0,0.08357927312297032,False,False
standard,0.08,0.1,0.99995,0.3107347888636595,41959415.42413928,0.16268901258657603,0.014843530543635058,0.022028763516316305,4309120.068934797,5054594.481328012,16266.587014001212,0.0,0.09336121204863458,False,False
standard,0.08,0.11,0.99995,0.2650511416113837,35845086.429028474,0.1726522166387223,0.014896247757378444,0.0221123263640863,4065552.1957210544,4651567.165754671,17549.696777291265,0.0,0.10310915413420492,False,False
standard,0.08,0.12,0.99995,0.22301040374589876,30201114.149829455,0.18261909407303095,0.014968281610397694,0.022223820063461467,3747969.099089149,4193119.5472499277,18802.349472572714,0.0,0.11281850790775644,False,False
standard,0.08,0.13,0.99995,0.18531618657725363,25126795.59316911,0.19259009891885515,0.015059024218390725,0.022362249802101646,3385393.0017422196,3713495.371815367,20038.699481155712,0.0,0.12248398289276925,False,False
standard,0.08,0.14,0.99995,0.1523012824563786,20671759.500639394,0.20256537567286542,0.015167219782251854,0.022525718155002417,3003792.1091508516,3239369.0706987977,21269.479931179187,0.0,0.13209906486884115,False,False
standard,1.0,0.0,1.0,0.7070674150310949,94155168.63948432,0.06304066066123072,0.015014749319320654,0.02222558690878647,-552249.4888017381,-712017.9438332529,-1007.0014947612034,0.0,-0.005332102284709068,False,True
standard,1.0,0.01,1.0,0.6846233803570134,91241651.42305945,0.07301910663542943,0.014978683291083789,0.02217567133845224,459955.59698578925,764641.0384514976,1116.878360263941,0.0,0.004582791359907218,False,True
standard,1.0,0.02,1.0,0.6578569142006985,87760104.61622272,0.0829937446868352,0.014941094113761544,0.022124084740619894,1399286.0672586055,2088060.154221052,3174.033910942567,0.0,0.01449494902638506,False,True
standard,1.0,0.03,1.0,0.6264652600389771,83667493.8890329,0.09296442407779827,0.014903412017216237,0.022072967720611233,2245856.5847733333,3226639.017972155,5150.547402694607,0.0,0.024402401810280798,False,True
standard,1.0,0.04,1.0,0.5903621470463657,78948177.9195653,0.10293121566988454,0.01486759421996586,0.02202520793684588,2978945.7384138335,4152654.3421602906,7034.079611872796,0.0,0.03430265980585702,False,True
standard,1.0,0.05,1.0,0.5497606290439169,73625114.50585185,0.1128944738643367,0.01483611111664051,0.02198440884691955,3579063.3333839774,4846518.577231095,8815.688721943632,0.0,0.04419271822227686,False,True
standard,1.0,0.06,1.0,0.5052329146960306,67768395.01150136,0.12285486884710109,0.014811846154872679,0.021954734708692143,4030594.947542872,5300647.2635034695,10491.492357920824,0.0,0.05406911620700336,False,True
standard,1.0,0.07,1.0,0.45772268782679915,61497823.28544536,0.13281337027479662,0.014797898614533421,0.021940619015262938,4324579.178394247,5521833.0793537935,12063.708499071032,0.0,0.06392804503785571,False,True
standard,1.0,0.08,1.0,0.4084917567116816,54976926.17532924,0.14277117319100147,0.014797304473619355,0.021946360750684,4460939.469492291,5531268.113818162,13540.709262640514,0.0,0.07376548308261212,False,True
standard,1.0,0.09,1.0,0.3589997084780583,48397883.26259475,0.15272957382392963,0.014812720512755118,0.02197567490066306,4449461.682406218,5362016.89806727,14935.992346063398,0.0,0.08357731564161328,False,False
standard,1.0,0.1,1.0,0.31073783709462444,41959872.65878401,0.16268986907723676,0.014846463078677478,0.022031607388221398,4309069.994264012,5054545.050670543,16266.268369279267,0.0,0.09335910979228774,False,False
standard,1.0,0.11,1.0,0.2650541898423486,35845543.663673215,0.1726531061696837,0.014899679835127494,0.022115659433019977,4065502.1210502684,4651517.7350972025,17549.30845599489,0.0,0.10310656894519746,False,False
standard,1.0,0.12,1.0,0.2230134519768636,30201571.384474188,0.18262001506036188,0.014972353973218548,0.02222777993233722,3747919.0244183633,4193070.116592458,18801.870826283008,0.0,0.11281529261285893,False,False
standard,1.0,0.13,1.0,0.18531923480821852,25127252.82781385,0.19259104322794615,0.01506391732256793,0.02236701283742528,3385342.9270714335,3713445.941157898,20038.103141321702,0.0,0.12247994240537152,False,False
standard,1.0,0.14,1.0,0.1523043306873435,20672216.73528413,0.2025663250332022,0.015173164998315863,0.0225315103985208,3003742.034480066,3239319.6400413285,21268.729690235366,0.0,0.13209394095308802,False,False
full,0.01,0.0,0.2502,0.1356264652658168,24015812.305119265,0.05524714337279987,0.0036361456508792107,0.005901136846647195,-81403.4286666769,-110920.47486837883,-817.8379835453484,0.0,-0.003081433017109798,False,False
full,0.01,0.01,0.2502,0.13201030437290887,23377084.75606926,0.06524635333167893,0.0036344419493672996,0.005898580077390661,175411.15379728406,269867.3540060112,2044.29006726382,0.0,0.00682141023717071,False,False
full,0.01,0.02,0.2502,0.12764138006505493,22605253.892602395,0.07524539986301906,0.0036334123627974908,0.005897156519505634,415317.0572904129,614625.8621581262,4815.25553738819,0.0,0.016702354371549884,False,False
full,0.01,0.03,0.2502,0.1224394160253712,21686062.371560693,0.08524426560264058,0.0036334149320120237,0.005897450483516625,633461.3907268764,915085.6004977236,7473.782791548962,0.0,0.02655502791161821,False,False
full,0.01,0.04,0.2502,0.11635206257537979,20610166.156307157,0.09524293923539957,0.0036348817217264125,0.005900164697853679,824579.9714887161,1163446.8562730183,9999.365980463544,0.0,0.03637128154201869,False,False
full,0.01,0.05,0.2502,0.10937152561652501,19376077.73970365,0.10524141913064251,0.0036383070592905064,0.005906100344626255,983428.7436439882,1353445.679904495,12374.7535958299,0.0,0.04614071756914398,False,False
full,0.01,0.06,0.2502,0.10155035363858426,17992967.975835953,0.11523971683182758,0.0036442230112292313,0.005916116430778102,1105399.874010213,1481470.5147814045,14588.531321652796,0.0,0.05585009531070611,False,False
full,0.01,0.07,0.2502,0.09301188826749031,16482532.626571372,0.12523785942571267,0.003653161893053665,0.005931068393187308,1187250.5188456276,1547449.9520724842,16637.120059558576,0.0,0.0654825734581628,False,False
full,0.01,0.08,0.2502,0.08395052274447404,14879062.510236291,0.13523588971566777,0.003665609046574634,0.00595173144420164,1227796.5732020892,1555224.1539284126,18525.485048641745,0.0,0.07501673590947663,False,False
full,0.01,0.09,0.2502,0.0746185787123844,13227146.738145085,0.14523386346038647,0.003681952940959557,0.005978720294749897,1228376.846799959,1512230.0994653457,20266.13379081102,0.0,0.0844253297004098,False,False
full,0.01,0.1,0.2502,0.06530036868688324,11577100.688597672,0.1552318437454996,0.003702442338275669,0.006012421064048019,1192915.8635731954,1428542.7545530018,21876.488345768717,0.0,0.09367362313371089,False,False
full,0.01,0.11,0.2502,0.05627853756693783,9979012.619576706,0.16522989356003911,0.003727160234057756,0.006052950892977261,1127518.6194560372,1315522.9229313023,23375.21513181852,0.0,0.1027172693185446,False,False
full,0.01,0.12,0.2502,0.04780081942893052,8476846.862370586,0.17522806835966584,0.003756020885306121,0.006100155074548251,1039680.9226962272,1184424.679484925,24778.334213410468,0.0,0.11149953402768786,False,False
full,0.01,0.13,0.2502,0.04005517625349568,7104018.423293332,0.18522641041134624,0.003788790421745675,0.006153642044575647,937321.8475215652,1045272.6371869966,26095.819191302995,0.0,0.11994771405436791,False,False
full,0.01,0.14,0.2502,0.033158003393055704,5881277.216413382,0.1952249460198051,0.003825125560987768,0.006212847026882145,827880.2301724773,906176.6211554636,27329.04663811104,0.0,0.12796852849675103,False,False
full,0.015,0.0,0.4767,0.25731064707889956,41500263.96889001,0.05690352033164463,0.006760334162025228,0.009977217986131826,-164636.04143025726,-221125.8122177348,-859.372959215056,0.0,-0.0036064620862449963,False,False
full,0.015,0.01,0.4767,0.25019166189994385,40358969.22771254,0.0669008682019315,0.006754286752427968,0.009968784505006887,280036.853539122,435542.57316916063,1740.8356851769981,0.0,0.006307865702081191,False,False
full,0.015,0.02,0.4767,0.24161209348072876,38982960.081834815,0.07689768227716413,0.006748968713117852,0.009961534699054798,695039.5576181413,1028996.5459935246,4258.878482320664,0.0,0.016208470110089183,False,False
full,0.015,0.03,0.4767,0.2314264676020588,37348590.795013,0.08689391218310895,0.006745000720107136,0.00995639751430816,1071912.7702161572,1545012.9953601926,6676.042768007266,0.0,0.026091109035152067,False,False
full,0.015,0.04,0.4767,0.21954760285304173,35441476.777601354,0.09688952980063482,0.00674315836529683,0.009954526913017474,1401547.8827630568,1970365.8644883605,8974.663530292613,0.0,0.035950376641211125,False,False
full,0.015,0.05,0.4767,0.2059783561552612,33261609.56814543,0.10688454091380219,0.006744358291981033,0.009957278843978547,1674967.4272366369,2294685.22061778,11140.419136504348,0.0,0.04577943403504139,False,False
full,0.015,0.06,0.4767,0.19084046602576432,30828038.234584358,0.11687899568337654,0.006749619532330446,0.009966151552084484,1884414.719009392,2512349.0739099015,13164.655936077641,0.0,0.055569682279902465,False,False
full,0.015,0.07,0.4767,0.17439167119579066,28181702.146665223,0.12687299467751742,0.006759997601804652,0.00998268626861591,2024612.677840665,2623918.149563904,15046.120789897208,0.0,0.06531035528927216,False,False
full,0.015,0.08,0.4767,0.15702216514998107,25384966.214540295,0.13686668716837014,0.006776495414119004,0.010008335068517499,2093924.5523952858,2636637.207183999,16791.4969499089,0.0,0.07498799717978184,False,False
full,0.015,0.09,0.4767,0.13922532648255456,22517016.30959266,0.1468602598639585,0.006799963198590612,0.010044314517359949,2095081.1568994923,2563754.1505393963,18414.423692234217,0.0,0.08458577314853169,False,False
full,0.015,0.1,0.4767,0.12154524692137961,19665483.250107218,0.1568539170752711,0.006831006345207693,0.010091473183450389,2035196.631044855,2422778.794172378,19933.143051982355,0.0,0.0940825471698101,False,False
full,0.015,0.11,0.4767,0.10451195443317572,16916019.975304034,0.16684785643269412,0.006869921822440431,0.010150202908558175,1924989.1204341054,2233142.3631125796,21367.339030488005,0.0,0.10345164595693247,False,False
full,0.015,0.12,0.4767,0.0885801111625847,14342367.520100296,0.17684224606577537,0.00691667837192766,0.010220415090982093,1777379.8833900802,2013860.762917129,22734.908959651006,0.0,0.11265921694772488,False,False
full,0.015,0.13,0.4767,0.07408555795390412,11999247.29466678,0.18683720860447728,0.006970944371188706,0.010301586373331473,1605838.6653395698,1781704.1604715802,24049.277749654702,0.0,0.12166207565167293,False,False
full,0.015,0.14,0.4767,0.06122720457000366,9919326.173941309,0.1968328147624538,0.007032154609998275,0.010392859839337125,1422881.8195520232,1550122.5694434955,25317.546021085684,0.0,0.1304049190623106,False,False
full,0.02,0.0,0.6448,0.34677010791165175,52149479.206246376,0.058268001783823,0.008588342153601231,0.012638734442105412,-232992.50494588522,-309479.29163087514,-892.462425595584,0.0,-0.004061620007650096,False,False
full,0.02,0.01,0.6448,0.3368771989952934,50678254.79120566,0.06826236990315766,0.00857779896514619,0.012624984500415428,326145.6441946836,514152.0779400267,1526.2299718515828,0.0,0.005850557431358841,False,False
full,0.02,0.02,0.6448,0.3249804478204736,48907684.32230854,0.07825562028915306,0.008567686393322003,0.012612230362089104,847391.0298855592,1257242.1557353006,3868.6701435953123,0.0,0.015751215629785157,False,False
full,0.02,0.03,0.6448,0.3108926252830922,46809143.83787632,0.08824765592457821,0.008558760350558973,0.012601618892977055,1320030.6913540254,1901979.0966548594,6117.800623038123,0.0,0.025636612910230405,False,False
full,0.02,0.04,0.6448,0.2945111520177563,44366401.884886205,0.09823842968641958,0.00855199327352709,0.012594600547882735,1732605.1796333217,2431991.4276831066,8257.72270768368,0.0,0.03550199139283918,False,False
full,0.02,0.05,0.6448,0.2758608303830147,41582042.30012721,0.10822796813707192,0.008548563550273162,0.012592906237738547,2073925.2526284503,2834696.9429924805,10275.82255536855,0.0,0.045341365863908585,False,False
full,0.02,0.06,0.6448,0.2551310997800919,38483148.54215177,0.11821639174976406,0.008549811548868235,0.012598476031632687,2334464.9196317517,3103638.1827698075,12164.875961593716,0.0,0.05514727657234983,False,False
full,0.02,0.07,0.6448,0.23269570885724725,35124443.785747245,0.12820392471336217,0.008557157199544892,0.012613334346906287,2507939.2607078515,3240185.63818202,13924.56119665614,0.0,0.06491048787473858,False,False
full,0.02,0.08,0.6448,0.2091032376066858,31587124.568179294,0.13819088794075426,0.008571982835116983,0.012639419044572772,2592720.503369177,3254032.9612519136,15561.848771431314,0.0,0.07461960123464272,False,False
full,0.02,0.09,0.6448,0.18503290803218522,27972484.765164554,0.14817767248830965,0.008595496621581482,0.012678387935871603,2592674.19647618,3162215.431298066,17090.016391830257,0.0,0.08426053538105154,False,False
full,0.02,0.1,0.6448,0.16122070803681388,24390994.64336185,0.1581646966731841,0.008628602228551911,0.012731439624531115,2517087.0527418824,2986849.022515058,18526.460148239934,0.0,0.0938158115524345,False,False
full,0.02,0.11,0.6448,0.1383717198201036,20949152.99641146,0.1681523562291599,0.008671803937992788,0.012799189023495205,2379612.7748825476,2752191.105686322,19889.838106113246,0.0,0.10326357066430711,False,False
full,0.02,0.12,0.6448,0.11708002942943863,17737314.21396122,0.1781409796791334,0.00872516970353704,0.012881627099451261,2196480.205479266,2481770.5046929233,21197.214561588644,0.0,0.11257624253099327,False,False
full,0.02,0.13,0.6448,0.09777454752837153,14821300.005131021,0.18813079906946897,0.008788359277231195,0.012978172172555707,1984433.638452842,2196186.2967731273,22461.738277396304,0.0,0.12171878173892522,False,False
full,0.02,0.14,0.6448,0.08069926336648321,12239165.49286002,0.19812194046901807,0.008860706801280128,0.013087795578043314,1758902.8540232317,1911853.9777223198,23691.095779151427,0.0,0.13064637417472513,False,False
full,0.025,0.0,0.7713,0.4133926579099518,59281543.69079039,0.05946549128070422,0.010230098834350889,0.015068741280674975,-302519.96978333365,-394055.2113842373,-953.2225690134857,0.0,-0.004639186789449449,False,False
full,0.025,0.01,0.7713,0.401273829300588,57572179.01714575,0.06945559696077477,0.010213104503379403,0.015046750394512183,333705.7823410935,540985.6737013629,1348.1708354723498,0.0,0.0052693661802693005,False,False
full,0.025,0.02,0.7713,0.38673021226097426,55518422.18627796,0.07944377482069928,0.010195857097172942,0.015025002783733605,926285.294404316,1383423.2012825029,3577.230734559051,0.0,0.015167533715965173,False,False
full,0.025,0.03,0.7713,0.3695492484357313,53088932.559281394,0.08942987478065936,0.010179214282643703,0.015004815390395564,1462967.5145598676,2113091.080729261,5718.022941932058,0.0,0.025051746261739116,False,False
full,0.025,0.04,0.7713,0.34962578500605984,50267195.01162398,0.09941383897017328,0.010164326181028426,0.014987908295324743,1930723.1550963707,2711642.9139461676,7755.843619769543,0.0,0.03491746193245014,False,False
full,0.025,0.05,0.7713,0.3270126349633158,47058781.046853535,0.10939574133767818,0.010152633661844063,0.014976389681877705,2316933.425412826,3165226.24654044,9679.21697244363,0.0,0.04475898157911364,False,False
full,0.025,0.06,0.7713,0.3019628755517544,43497574.13470037,0.11937581906195689,0.01014582290972945,0.014972678737579658,2610992.5524030724,3467087.5527639883,11481.833806320845,0.0,0.05456924070623352,False,False
full,0.025,0.07,0.7713,0.2749493671858157,39648895.31900092,0.12935448409396233,0.010145727117988784,0.014979356555428513,2806091.8454820663,3619405.9026178005,13163.899737844244,0.0,0.0643395627110793,False,False
full,0.025,0.08,0.7713,0.2466483974800444,35607602.85958845,0.13933230495376084,0.010154177771581084,0.014998951684984347,2900783.2613994204,3633727.1547272447,14732.41744869329,0.0,0.07405934352222693,False,False
full,0.025,0.09,0.7713,0.21788227203574234,31490302.97625927,0.14930995592009538,0.010172824311774468,0.015033689003703925,2899853.2926209406,3529736.2659960594,16200.199461005373,0.0,0.08371562090102806,False,False
full,0.025,0.1,0.7713,0.18952851051580488,27422617.700760916,0.15928814128985522,0.010202956152259786,0.015085249865243759,2814156.000661666,3332630.98425473,17583.797683973356,0.0,0.09329246627298324,False,False
full,0.025,0.11,0.7713,0.16241563536712852,23524266.004531078,0.16926751180129448,0.010245367098908284,0.015154597644836723,2659350.9793760604,3069794.9335919293,18900.858446619903,0.0,0.10277012676897646,False,False
full,0.025,0.12,0.7713,0.13723086691398195,19895581.73956689,0.17924859354143718,0.010300294041154748,0.015241909661351694,2453845.9528039936,2767605.633465305,20167.51548469103,0.0,0.11212384122286001,False,False
full,0.025,0.13,0.7713,0.11446030595804804,16608519.715080027,0.18923174480333607,0.010367441308525125,0.01534662750456356,2216481.3286268706,2449026.818183464,21396.29802388507,0.0,0.1213222527107509,False,False
full,0.025,0.14,0.7713,0.09437011038648632,13703518.648740048,0.19921714617272823,0.010446078159743227,0.015467605363666781,1964507.2202443683,2132270.1284903395,22594.761410766325,0.0,0.13032533472210156,False,False
full,0.03,0.0,0.8604,0.45979983303861827,63939952.455649234,0.060442812148591075,0.011904928791807474,0.01727775475715069,-385157.0801250095,-487272.7306243172,-1059.7496902165935,0.0,-0.005476119181610513,False,False
full,0.03,0.01,0.8604,0.4460141648642875,62063290.52626882,0.07042785214861068,0.011877670381042626,0.017244393077601835,302412.55442244763,520820.28220970184,1167.7213937099423,0.0,0.004429679794435721,False,False
full,0.03,0.02,0.8604,0.4295002068641531,59811799.40792946,0.0804100354712414,0.011848847646976619,0.017209950137065316,942568.5511276498,1428319.8988979023,3325.539490018608,0.0,0.014326278585618617,False,False
full,0.03,0.03,0.8604,0.4100324986823252,57152847.0129951,0.09038916633038242,0.011819408747241954,0.017175882041935913,1522047.798405349,2213576.4539267877,5398.539045173995,0.0,0.02421016430585727,False,False
full,0.03,0.04,0.8604,0.3875109727180546,54070429.28429436,0.10036519431527066,0.011790707958490987,0.01714417491305415,2026803.4748860318,2857051.226705186,7372.826649695724,0.0,0.03407682605671405,False,False
full,0.03,0.05,0.8604,0.36201652432049375,50572933.00751926,0.11033827052756734,0.01176452017068026,0.017117344681447915,2443311.5939453733,3344193.545699647,9237.682042212604,0.0,0.04392057620628623,False,False
full,0.03,0.06,0.8604,0.33385576327602023,46699606.83112097,0.1203087886419961,0.011742995407515883,0.01709835665973225,2760310.9269936965,3668198.219081728,10987.374257334566,0.0,0.05373436181312781,False,False
full,0.03,0.07,0.8604,0.30357886316462035,42523519.80670819,0.13027739408150663,0.011728537847524995,0.01709044850181661,2970714.7849091277,3831891.6744364128,12622.392858617795,0.0,0.06350955463561625,False,False
full,0.03,0.08,0.8604,0.2719567373417042,38149013.50719162,0.14024494853047662,0.011723610423254096,0.017096862200411903,3073256.3129346077,3848095.2845715377,14149.659692881734,0.0,0.07323569126809568,False,False
full,0.03,0.09,0.8604,0.23991318556344232,33702867.00342678,0.15021244837920808,0.011730489970584502,0.017120520901786326,3073368.6875852803,3738219.272701366,15581.549900736223,0.0,0.08290011451798318,False,False
full,0.03,0.1,0.8604,0.20842196905797333,29320350.753436513,0.16018091106003848,0.011751020143650835,0.017163713113353938,2982940.8771968037,3529399.706119443,16933.91403061607,0.0,0.09248744861953745,False,False
full,0.03,0.11,0.8604,0.17839177248711968,25129222.960629225,0.1701512555055888,0.01178641820317582,0.017227855941669642,2818913.6314312723,3250937.6213866714,18223.584956090934,0.0,0.10197882998060052,False,False
full,0.03,0.12,0.8604,0.15056681460990776,21235537.128037706,0.18012420544242522,0.011837180266204233,0.017313392097109054,2601053.777294895,2930924.5446595806,19465.93977067983,0.0,0.11135081390869732,False,False
full,0.03,0.13,0.8604,0.12546472493155036,17714416.1072989,0.1901002354582628,0.011903101176101785,0.017419837657819324,2349485.5082435585,2593726.6153262914,20672.955021750917,0.0,0.12057388195284612,False,False
full,0.03,0.14,0.8604,0.10335969102394416,14607111.418866552,0.20007956464080942,0.01198339260326249,0.017545955631513146,2082558.1149120019,2258609.9886314445,21851.942147429778,0.0,0.12961047503715886,False,False
full,0.04,0.0,0.967,0.5143865276830498,69029020.04417,0.061876515821139844,0.013910886306426153,0.020611676035801968,-482199.52995405777,-596928.48393459,-1160.466792595315,0.0,-0.006350419124719508,False,True
full,0.04,0.01,0.967,0.4984356299210676,66950530.80634934,0.07184997619094986,0.013866427277029978,0.020552784986137673,261598.1757409242,490309.69897488935,983.6971306656686,0.0,0.003552123045726271,False,True
full,0.04,0.02,0.967,0.47938486269922576,64462575.86062818,0.08181857486618538,0.013818123390604406,0.020489553559744376,953497.3211071797,1467658.1999278818,3061.5447297690653,0.0,0.013446805916275797,False,True
full,0.04,0.03,0.967,0.457003024208862,61531986.857391536,0.09178207063298581,0.013767055044705902,0.020423668875587504,1579104.4619348042,2311923.6072056307,5058.880324058912,0.0,0.023330134197956202,False,False
full,0.04,0.04,0.967,0.4312088261503955,58144508.6883018,0.10174049645201227,0.013714894160466784,0.020357622649182325,2123281.985905122,3002427.9550833004,6962.816558945209,0.0,0.03319756920073847,False,False
full,0.04,0.05,0.967,0.4021311853645211,54313002.50119616,0.11169424416043791,0.0136639408992015,0.020294741255058844,2571595.239889621,3524092.634105656,8763.539766037196,0.0,0.04304335512281102,False,False
full,0.04,0.06,0.967,0.3701546956418673,50083984.11390864,0.12164411433672859,0.013617071912030437,0.02023909354696544,2912202.643287971,3870323.7659547958,10455.962902870797,0.0,0.05286035037512909,False,False
full,0.04,0.07,0.967,0.33593274326210815,45540141.67432252,0.13159130563511617,0.013577576170314602,0.02019524801847804,3137890.7186558107,4044902.997579647,12040.811974150589,0.0,0.06263985620534795,False,False
full,0.04,0.08,0.967,0.30035450012815645,40796839.008900285,0.14153732891009904,0.013548880348791715,0.020167886507854012,3247777.4580563437,4062223.9745171405,13524.764812193107,0.0,0.07237141488401287,False,False
full,0.04,0.09,0.967,0.2644633152254547,35991998.74178159,0.15148385277737653,0.013534201687486674,0.020161329362051315,3248161.908403365,3945661.888134566,14919.505507865593,0.0,0.08204252515593165,False,False
full,0.04,0.1,0.967,0.2293397232574266,31270845.09665425,0.161432511083636,0.013536197856517133,0.020179067460282647,3152164.380990926,3724450.0880249087,16239.882193650032,0.0,0.09163820081810395,False,False
full,0.04,0.11,0.967,0.195975413849601,26768875.42325168,0.1713847174489449,0.013556693719251237,0.02022340777128624,2978152.9140089774,3429885.4190226006,17501.610797234112,0.0,0.10114028688917126,False,False
full,0.04,0.12,0.967,0.16516809980613076,22597132.129990637,0.18134152952370702,0.01359654577812177,0.02029531109030749,2747338.867999331,3091788.101247284,18719.038996491025,0.0,0.1105264497602128,False,False
full,0.04,0.13,0.967,0.13745922322732113,18832960.412689682,0.19130358721065419,0.01365566383182051,0.02039444392098407,2481160.507481847,2735900.972231646,19903.36412498993,0.0,0.1197687677306063,False,False
full,0.04,0.14,0.967,0.11312124896103871,15517453.674615452,0.2012711246360264,0.013733164948988425,0.02051940686884316,2199056.5778955887,2382500.1288620145,21061.47298358239,0.0,0.12883185511368933,False,False
full,0.05,0.0,0.9979,0.5298016092983769,70599002.21095729,0.06241993767567066,0.014799356675350137,0.021977448027551052,-525179.6984683514,-643692.3421018103,-1214.968642609939,0.0,-0.006762646419421813,False,True
full,0.05,0.01,0.9979,0.5131533306112352,68449535.98485759,0.07238632600968913,0.014742722920132486,0.02190159196617292,236429.43358768505,467953.84094030823,911.9181597884432,0.0,0.0031400629036203464,False,True
full,0.05,0.02,0.9979,0.49329611179766564,65879506.25369381,0.08234673610896494,0.014680639704546306,0.021819194906081925,944671.496809534,1466699.1310520915,2973.2631090627465,0.0,0.013035803069314858,False,False
full,0.05,0.03,0.9979,0.47000158811352977,62856031.85235575,0.09230094759422874,0.014614300683151081,0.021732108161771322,1584799.1955872849,2328921.4873134,4955.135357438078,0.0,0.02292105465434325,False,False
full,0.05,0.04,0.9979,0.44319936626058754,59365963.86523662,0.10224909541724427,0.014545620802991596,0.021643167454617328,2141349.538689447,3033667.521181203,6844.927479877081,0.0,0.032791203444917386,False,False
full,0.05,0.05,0.9979,0.4130379744881804,55424155.86327186,0.11219176334539012,0.014477279558002494,0.02155623217049004,2599636.9083558526,3565788.507549996,8633.07668494301,0.0,0.04264036580283946,False,False
full,0.05,0.06,0.9979,0.37992953255271183,51079921.255204834,0.12213002842985007,0.014412653651983128,0.021476071999452014,2947687.015198164,3918846.236355589,10314.666011944948,0.0,0.052461229432473236,False,False
full,0.05,0.07,0.9979,0.34456044019021026,46419304.724061966,0.13206542830587087,0.014355612821084307,0.021408069129394407,3178301.653461983,4096984.9068893897,11890.468054393303,0.0,0.062244903422975194,False,False
full,0.05,0.08,0.9979,0.3078546749081121,41561210.28436389,0.14199983921457435,0.014310185915114435,0.02135774992656359,3290767.725897277,4115114.033139016,13367.06689403787,0.0,0.07198074846892699,False,False
full,0.05,0.09,0.9979,0.2708880527440235,36646864.53201923,0.1519352790253556,0.014280147346726547,0.021330217586231597,3291685.269354183,3997205.007760066,14755.929496592591,0.0,0.08165613053590934,False,False
full,0.05,0.1,0.9979,0.23476767769264806,31824197.28616931,0.16187367586971002,0.014268608685558893,0.02132960226629606,3194564.462881683,3773094.2919147,16071.608873067868,0.0,0.0912560177275156,False,False
full,0.05,0.11,0.9979,0.2005037011420325,27230587.8429783,0.1718166562408503,0.01427770784247628,0.02135865309824519,3018199.2092942633,3474630.14148129,17329.506246969162,0.0,0.10076232943690591,False,False
full,0.05,0.12,0.9979,0.16890360863889256,22978077.072394703,0.18176539932397828,0.014308462091654027,0.021418558809243083,2784213.3141988404,3132096.078100707,18543.689524105852,0.0,0.11015295165620456,False,False
full,0.05,0.13,0.9979,0.14051074590819543,19144207.891350307,0.19172058066055736,0.014360802025342864,0.02150901597538491,2514407.5512928367,2771595.64058458,19725.150718333236,0.0,0.11940034602646725,False,False
full,0.05,0.14,0.9979,0.11559330563106819,15769642.462284945,0.20168240012132552,0.014433753741338096,0.021628496604132696,2228513.186945266,2413665.381720515,20880.66751394806,0.0,0.12846969003174247,False,False
full,0.06,0.0,0.99825,0.5299707918498381,70621345.02762675,0.062427874140689864,0.01481843473010756,0.02201221579661693,-526117.8841949581,-644677.1765373736,-1216.4390688157705,0.0,-0.006772583918426865,False,True
full,0.06,0.01,0.99825,0.5133138210746628,68470724.61107819,0.0723941074891123,0.01476144545150086,0.021935730873627265,235756.88641155759,467319.51672622096,910.3972999360328,0.0,0.003130161735686503,False,True
full,0.06,0.02,0.99825,0.4934467066843098,65899380.91392787,0.0823543415189662,0.014698961927829093,0.02185262614151214,944243.3240675901,1466371.7646113795,2971.6922714199277,0.0,0.013025964887299925,False,False
full,0.06,0.03,0.99825,0.4701411757819532,62874445.21678729,0.09230835756195407,0.014632182117670343,0.021764760714043218,1584589.1641246297,2328852.4384223386,4953.517280312492,0.0,0.0229113052017045,False,False
full,0.06,0.04,0.99825,0.4433270221403962,59382793.764164545,0.10225629398396935,0.014563028982191214,0.021674984684572945,2141327.0564082316,3033805.4958029822,6843.267710494339,0.0,0.032781565786584164,False,False
full,0.06,0.05,0.99825,0.41315305293558413,55439317.50671995,0.1121987396204928,0.014494193660543643,0.021587178215295738,2599768.2682852987,3566082.4654966565,8631.383551830257,0.0,0.04263085847250381,False,False
full,0.06,0.06,0.99825,0.3800317376595036,51093376.589577794,0.12213677788382594,0.014429067391529195,0.02150613683406656,2947937.170375413,3919248.282002475,10312.949929234588,0.0,0.05245186482167495,False,False
full,0.06,0.07,0.99825,0.3446498598637842,46431066.84182215,0.13207195341982803,0.01437153596689916,0.021437271181299122,3178636.2660213527,4097452.6737305718,11888.740286591166,0.0,0.06223568677822957,False,False
full,0.06,0.08,0.99825,0.30793177014303585,41571341.83595121,0.14200614933116187,0.014325644062617517,0.02138613558555063,3291155.142122406,4115612.226704062,13365.338122767715,0.0,0.0719716777947208,False,False
full,0.06,0.09,0.99825,0.2709536047581579,36655470.53384532,0.15194138943265767,0.014295179951277078,0.021357857651195026,3292098.0876622098,3997706.0049028294,14754.208597708152,0.0,0.08164719753265494,False,False
full,0.06,0.1,0.99825,0.23482270526503993,31831414.003362425,0.16187960632375228,0.014283265767973317,0.0213565860658216,3194980.478925678,3773577.9095348376,16069.90220675497,0.0,0.09124720968435271,False,False
full,0.06,0.11,0.99825,0.20054936546744734,27236570.07313414,0.17182242923004018,0.014292046023296642,0.021385081452609332,3018601.688885759,3475082.8168241605,17327.817561149186,0.0,0.10075363183264184,False,False
full,0.06,0.12,0.99825,0.16894112226600363,22982986.036955625,0.18177103837718694,0.0143225406434552,0.021444537049976654,2784590.6931717116,3132509.732985352,18542.020385380813,0.0,0.11014435115746501,False,False
full,0.06,0.13,0.99825,0.14054129744226174,19148201.274764895,0.191726108922105,0.014374679480731314,0.02153464796542738,2514752.746763377,2771966.4610591875,19723.501287569852,0.0,0.11939183361869316,False,False
full,0.06,0.14,0.99825,0.11561800561155346,15772867.29714847,0.20168783930648143,0.01444748535387096,0.021653880275560058,2228822.71931867,2413992.672684905,20879.037481370287,0.0,0.12846126414023612,False,False
full,0.08,0.0,0.99965,0.5306155198144786,70708706.34244232,0.06246953559922876,0.014875737456103297,0.022065263623657877,-527555.0090100185,-646323.0218643155,-1218.062792604129,0.0,-0.006782693214802986,False,True
full,0.08,0.01,0.99965,0.513919015117214,68552707.87131932,0.07243451564809682,0.01481688337890014,0.021987116706943467,235283.63101385534,466958.63654000603,908.622998574012,0.0,0.0031201423934135147,False,True
full,0.08,0.02,0.99965,0.49400781818175,65975371.71156936,0.08239335234022355,0.014752360537469304,0.02190219803241386,944614.2230550852,1467080.9311668777,2969.7524556729286,0.0,0.013016072217547848,False,True
full,0.08,0.03,0.99965,0.47065439194800074,62943930.163855374,0.09234584999655039,0.014683407080693042,0.021812402937439718,1585666.1026206128,2330402.9382424923,4951.410160217864,0.0,0.02290156707713463,False,True
full,0.08,0.04,0.99965,0.44378964614750965,59445411.7791267,0.10229218196045581,0.014612000722179457,0.021720630374849118,2142959.515712345,3035968.1550866403,6841.007178607149,0.0,0.03277199965444616,False,True
full,0.08,0.05,0.99965,0.4135638023490565,55494899.80071971,0.11223298155942725,0.014540897505654729,0.02163081802619469,2601801.687921974,3568641.4265470984,8628.99849135029,0.0,0.04262147098635853,False,True
full,0.08,0.06,0.99965,0.3803908948739619,51141966.45234032,0.12216938167061743,0.01447355707896907,0.021547821717576954,2950222.429808322,3922012.8101196545,10310.480253264654,0.0,0.05244265281105758,False,True
full,0.08,0.07,0.99965,0.3449592384102898,46472914.47538457,0.13210297567507395,0.01441392964781483,0.021477108610946188,3181038.621605566,4100265.146051267,11886.230862947545,0.0,0.06222663943102667,False,False
full,0.08,0.08,0.99965,0.30819450511853475,41606875.501817524,0.14203568916673295,0.014366113663332304,0.021424280031898436,3293561.0604411573,4118351.527122652,13362.832427978208,0.0,0.07196277976826392,False,False
full,0.08,0.09,0.99965,0.2711738166965967,36685250.78789232,0.15196957814798243,0.014333936132320419,0.021394497295470927,3294419.014840711,4000286.670583989,14751.743805190887,0.0,0.08163843268904056,False,False
full,0.08,0.1,0.99965,0.235005108928732,31856080.71106726,0.16190659520799522,0.01432054132249721,0.021391928226605347,3197153.4077486843,3775946.1483785305,16067.506640988087,0.0,0.09123856523076891,False,False
full,0.08,0.11,0.99965,0.20069889312743716,27256791.568770207,0.17184837762548477,0.014328080307326477,0.02141933896246504,3020587.0946208676,3477210.7884902866,17325.510541218442,0.0,0.10074510277223533,False,False
full,0.08,0.12,0.99965,0.16906261119591745,22999417.071492914,0.18179610359519252,0.014357566815153962,0.021477917105702043,2786368.78884725,3134389.342873383,18539.813863640786,0.0,0.1101359450738139,False,False
full,0.08,0.13,0.99965,0.14063926509852107,19161452.84922371,0.19175043882002596,0.01440891534946944,0.021567344133596632,2516319.0370120644,2773603.554276193,19721.402499744432,0.0,0.11938357591776942,False,False
full,0.08,0.14,0.99965,0.1156965132577674,15783488.430512829,0.20171156763060563,0.014481127819835916,0.021686067631044793,2230183.624589131,2415402.1183916195,20877.051955837218,0.0,0.12845320396965737,False,False
full,1.0,0.0,1.0,0.5307666314150079,70731373.0825217,0.06248217117581702,0.01491028614595991,0.022097529165745942,-529159.1839692427,-647979.8064488317,-1220.8374982453906,0.0,-0.006801137637285239,False,True
full,1.0,0.01,1.0,0.5140591706883793,68573731.2069941,0.07244662555146762,0.014850007916630697,0.022018090273058306,234007.366592602,465700.8007328333,905.9283975212638,0.0,0.003102266216016266,False,True
full,1.0,0.02,1.0,0.49413607982872143,65994610.95861506,0.08240489207879602,0.014783949702958862,0.021931778910877178,943638.4200775957,1466170.898759541,2967.1399410214053,0.0,0.012998835764020288,False,True
full,1.0,0.03,1.0,0.47077009656928764,62961285.85704842,0.09235678833483309,0.014713385427575358,0.0218405228024303,1584957.6448093732,2329786.449583562,4948.883683483208,0.0,0.022885024766835124,False,True
full,1.0,0.04,1.0,0.4438924781397656,59460836.57796511,0.1023025044243337,0.014640337366802278,0.02174726124745626,2142481.0947790085,3035590.807968069,6838.572306269789,0.0,0.03275618370435969,False,True
full,1.0,0.05,1.0,0.4136538301106992,55508403.96496613,0.11224269222343569,0.014567610514434745,0.021655976266080863,2601513.877788575,3568451.5081141577,8626.661349078267,0.0,0.0426063883527276,False,True
full,1.0,0.06,1.0,0.3804685624157947,51153616.583615236,0.1221785028064779,0.014498712421196299,0.021571567108366718,2950086.0217048544,3921963.565475896,10308.246075768493,0.0,0.05242828488938305,False,True
full,1.0,0.07,1.0,0.34502531417751187,46482825.840467885,0.13211154535040634,0.0144376349366647,0.021499538732972258,3181016.8149765315,4100316.24160401,11884.10262411772,0.0,0.06221294458485475,False,True
full,1.0,0.08,1.0,0.30825000006091124,41615199.74317401,0.1420437573542297,0.014388508075659763,0.021445521169592044,3293621.1656351285,4118469.6747594248,13360.809972248504,0.0,0.07194969814267026,False,True
full,1.0,0.09,1.0,0.27121988893743526,36692161.62401811,0.15197720216153965,0.014355178548233068,0.021414693716603105,3294533.4789062315,4000445.5394537896,14749.82367674595,0.0,0.08162589236521844,False,False
full,1.0,0.1,1.0,0.235042971876433,31861760.15322241,0.16191383526585995,0.014340798710190358,0.02141123166174147,3197300.152865008,3776125.7722026687,16065.682551818041,0.0,0.0912264887007689,False,False
full,1.0,0.11,1.0,0.2007297390628055,27261418.45907545,0.17185529312091583,0.014347517854319388,0.02143789964504005,3020749.2944666455,3477396.685523954,17323.7742536791,0.0,0.100733412913377,False,False
full,1.0,0.12,1.0,0.16908755603961628,23003158.79804774,0.18180275036118765,0.014376340581368566,0.021495877081481526,2786534.2720701215,3134571.529929646,18538.15622715153,0.0,0.11012457014487041,False,False
full,1.0,0.13,1.0,0.14065931459549214,19164460.273769367,0.19175686741677636,0.014427167563515964,0.02158483295834898,2516479.506015908,2773775.583137912,19719.814440406823,0.0,0.11937245344518564,False,False
full,1.0,0.14,1.0,0.11571254735496454,15785893.545092398,0.20171782251671228,0.01449898449972129,0.021703200175845466,2230333.838139269,2415560.2112878137,20875.525312546637,0.0,0.12844228365651103,False,False
routed,0.01,0.0,0.12405,0.0795342345247476,18928944.004799496,0.05539959800837598,0.003522305945889001,0.00538639609458682,-16365.833931348881,-34233.11147424793,-430.4198271198056,0.27615,-0.0007859937058775399,False,False
routed,0.01,0.01,0.12405,0.07740656472622699,18424957.10046817,0.06539881651667297,0.0035208326109690863,0.0053843464746778,185674.03601770216,265154.1907615132,3425.4742049245506,0.27615,0.00916119246723359,False,False
routed,0.01,0.02,0.12405,0.07483646364881649,17815984.07380389,0.07539787276280649,0.003520049496450928,0.005383399057081867,374293.7991034487,535987.5910079842,7162.118102255633,0.27615,0.01909897812461357,False,False
routed,0.01,0.03,0.12405,0.07177700868807854,17090799.814467415,0.08539674934889535,0.00352030772882278,0.005384096921215761,545658.0175895017,771744.3671726915,10751.971714598225,0.27615,0.029024548215892922,False,False
routed,0.01,0.04,0.12405,0.06819780421679568,16242063.4264551,0.09539543483124359,0.003522029016785286,0.005387089676830729,695611.062776094,966283.2486772996,14168.832263360824,0.27615,0.03893431990930422,False,False
routed,0.01,0.05,0.12405,0.06409474751248406,15268639.051310483,0.1053939273279874,0.0035256935322425793,0.005393113842415828,820019.5711356084,1114687.166176399,17391.240459435237,0.27615,0.048823757958442585,False,False
routed,0.01,0.06,0.12405,0.05949926631621838,14177802.545093352,0.11539223798772172,0.003531815453650648,0.0054029543242983,915260.2553126919,1214143.8339034661,20406.030344150873,0.27615,0.0586871466795078,False,False
routed,0.01,0.07,0.12405,0.05448438077368523,12986707.408618221,0.1253903933533677,0.0035409061578397555,0.005417387244923503,978795.575471245,1264643.0776095225,23211.112242654275,0.27615,0.06851730246334928,False,False
routed,0.01,0.08,0.12405,0.049164745327765096,11722431.531687405,0.13538843555459892,0.003553428392621221,0.005437109539954068,1009720.1164070922,1269264.3783598267,25816.555539910987,0.27615,0.07830520281313764,False,False
routed,0.01,0.09,0.12405,0.04368882408843113,10420156.979044808,0.14538641959473717,0.00356974839974025,0.005462666244589735,1009123.9348013923,1233921.8693247582,28243.421402854892,0.27615,0.08803949855255325,False,False
routed,0.01,0.1,0.12405,0.03822357281970839,9119558.19588123,0.15538440779597443,0.0035900954113593825,0.005494389939884751,980137.7665215103,1166601.7992933255,30520.480249083776,0.27615,0.09770586623415604,False,False
routed,0.01,0.11,0.12405,0.032934653864532266,7860106.213538745,0.16538246246141333,0.0036145377370099653,0.005532366227848609,927608.5772397374,1076291.8770110297,32679.61708169345,0.27615,0.10728614879413177,False,False
routed,0.01,0.12,0.12405,0.0279669727480976,6676423.501280426,0.17538063851592559,0.003642981244870539,0.005576433642336745,857472.7408419229,971881.616211572,34751.04813686645,0.27615,0.11675722388538688,False,False
routed,0.01,0.13,0.12405,0.023430193967983966,5594803.429111502,0.1853789779015934,0.0036751904060489666,0.005626217715726133,775990.7431951801,861278.1254543558,36759.32545122092,0.27615,0.12608952917036922,False,False
routed,0.01,0.14,0.12405,0.01939194609493825,4631552.102607074,0.19537750681774,0.0037108263990037593,0.005681190389098797,689034.5008209619,750868.55513572,38720.63956137513,0.27615,0.13524515904587034,False,False
routed,0.015,0.0,0.42,0.30327554269066237,45597467.162427664,0.058014284019992986,0.00806278905341386,0.012065279007052435,-160537.3288621752,-227000.9962121255,-748.4975352716257,0.27615,-0.0032006827422773644,False,False
routed,0.015,0.01,0.42,0.29468021147786677,44324591.81201407,0.06801212213900931,0.008056795508075755,0.012058459679389143,328531.0474257781,494114.66750213003,1676.782655421851,0.27615,0.006738123835083729,False,False
routed,0.015,0.02,0.42,0.2843375791207144,42791449.12306124,0.07800952307277267,0.00805193420921924,0.012053794777586857,784753.0291699773,1145274.4294514216,4027.8686798736508,0.27615,0.016671831857068522,False,False
routed,0.015,0.03,0.42,0.2720815835646692,40972557.54027534,0.08800644475440246,0.008048973479828796,0.012052485817620473,1198793.0601532313,1710873.8213322796,6288.091236890474,0.27615,0.026598580569331235,False,False
routed,0.015,0.04,0.42,0.2578190877955185,38853000.28846004,0.09800286305212792,0.008048856232091907,0.012055979364638815,1560633.1305784602,2176496.052482541,8441.950792288753,0.27615,0.03651603173246718,False,False
routed,0.015,0.05,0.42,0.2415674530227977,36434059.943706505,0.10799878134807564,0.00805267771395445,0.012065923660638325,1860448.377690582,2530964.524928212,10477.25798015246,0.27615,0.04642130768859292,False,False
routed,0.015,0.06,0.42,0.22348765348261346,33738280.93077469,0.11799423923657579,0.008061634221720428,0.0120840822089236,2089817.5224917056,2768404.2685155803,12387.280574006976,0.27615,0.056310934017481135,False,False
routed,0.015,0.07,0.42,0.203902301133729,30812383.541361418,0.1279893176693846,0.008076941419666523,0.012112204914149018,2243106.3515475746,2889770.3343276666,14172.328209441908,0.27615,0.06618078051568604,False,False
routed,0.015,0.08,0.42,0.18328826280530167,27726457.540820707,0.13798413782045138,0.00809972865211873,0.012151869194063969,2318724.356650632,2903329.3907487877,15840.236283066612,0.27615,0.0760259845750335,False,False
routed,0.015,0.09,0.42,0.162238694882547,24568582.620518386,0.14797885210086853,0.008130924611470546,0.012204315991337724,2319886.2785344976,2823843.182846383,17405.485077963116,0.27615,0.08584083007617774,False,False
routed,0.015,0.1,0.42,0.14139861485974825,21435386.37745916,0.15797362805701587,0.008171156462139456,0.012270313575219625,2254582.523392226,2670612.192995403,18887.117074268048,0.27615,0.09561854588105008,False,False
routed,0.015,0.11,0.42,0.12138782972540837,18420525.085946452,0.167968628461382,0.00822068517098008,0.012350080398692608,2134682.4898986295,2464900.2288226187,20305.99141939084,0.27615,0.10535098409561329,False,False
routed,0.015,0.12,0.42,0.1027300874264738,15603898.283063455,0.1779639924407679,0.008279392511507363,0.012443285547825955,1974376.144339373,2227399.6473419424,21682.057351855576,0.27615,0.1150281404931397,False,False
routed,0.015,0.13,0.42,0.08580479856546717,13044110.992011264,0.18795982209433665,0.008346821960121821,0.012549125426731618,1788363.7112233154,1976273.1587059074,23032.198568685577,0.27615,0.12463748530021644,False,False
routed,0.015,0.14,0.42,0.07082906678735805,10775451.455081088,0.19795617695516157,0.008422261749282801,0.012666456160210856,1590234.4910936207,1726027.016037316,24368.908053231426,0.27615,0.13416307661933963,False,False
routed,0.02,0.0,0.6602,0.48580030619441966,63967878.28473273,0.05956609336445341,0.01016330981957552,0.014952954187528766,-283411.0299259377,-389750.89643923513,-802.2862305139323,0.27615,-0.004027746390069877,False,False
routed,0.02,0.01,0.6602,0.4715511918867883,62126054.161852196,0.0695618552727612,0.010153632992853965,0.014942902331308208,403341.0387434916,620087.7666109857,1314.9956511187413,0.27615,0.0059020917476864995,False,False
routed,0.02,0.02,0.6602,0.45444691029598633,59912476.911082126,0.07955677437817252,0.010145050446465359,0.014935328020001165,1043091.9545094379,1530151.5523316541,3367.063385544968,0.27615,0.01582751143134587,False,False
routed,0.02,0.03,0.6602,0.43423599012812847,57293067.66789215,0.08955077695399367,0.01013851506716186,0.014931721818826252,1622619.716062671,2318635.7453577006,5339.575249563144,0.27615,0.025746724565962074,False,False
routed,0.02,0.04,0.6602,0.4107935513495393,54249711.34738755,0.09954382669935646,0.010135212612472936,0.014933883831962636,2127850.1776408125,2965680.646431765,7219.394356822079,0.27615,0.035657503134233576,False,False
routed,0.02,0.05,0.6602,0.384181307604205,50788148.32170215,0.10953594269738587,0.01013653707271923,0.014943869393339412,2545139.553313383,3456269.5689445348,8996.454279616557,0.27615,0.045557148798358635,False,False
routed,0.02,0.06,0.6602,0.35469788846946315,46944769.014579296,0.11952721473091639,0.010144028048224096,0.014963880550821273,2863007.9023771225,3783057.746523376,10665.577296914382,0.27615,0.055442480841649516,False,False
routed,0.02,0.07,0.6602,0.32290214836422726,42790060.7006053,0.12951781079142688,0.010159267501826068,0.014996104306059214,3074073.090295119,3948367.355289166,12227.751891063557,0.27615,0.06530983724986297,False,False
routed,0.02,0.08,0.6602,0.28959376863514763,38426593.4256619,0.139507971959598,0.010183743403202385,0.015042513516001848,3176748.7608675133,3964662.7631192193,13690.428429467363,0.27615,0.07515507260765521,False,False
routed,0.02,0.09,0.6602,0.2557449280773694,33980586.26027439,0.14949799251624715,0.0102186998793269,0.015104662049231915,3176195.195446958,3853219.0139089394,15066.648800727111,0.27615,0.08497352445783661,False,False
routed,0.02,0.1,0.6602,0.22239223929678015,29588075.073432684,0.15948818771426748,0.010265002858891453,0.015183515554277372,3084139.6942537036,3641271.0738433767,16373.19308154516,0.27615,0.09475991092539758,False,False
routed,0.02,0.11,0.6602,0.19051294533013297,25378690.598931715,0.16947885621611317,0.010323051538598577,0.015279356740507573,2917507.1815231736,3358405.5921621807,17628.227763433722,0.27615,0.10450812052698268,False,False
routed,0.02,0.12,0.6602,0.16091567004156612,21461007.748243507,0.17947024637094233,0.010392756655659646,0.01539178767960302,2696188.192976106,3033104.7841115133,18849.03305767569,0.27615,0.11421086112013702,False,False
routed,0.02,0.13,0.6602,0.13417017146839386,17912795.656215295,0.18946253400817714,0.010473589103241936,0.015519826539913965,2440529.921678616,2690146.2139696027,20050.255466829407,0.27615,0.12385914559308653,False,False
routed,0.02,0.14,0.6602,0.11058595307710835,14777649.82006215,0.1994558151150404,0.010564683963258473,0.01566207244226212,2169148.572351714,2349163.9923914387,21242.87874747922,0.27615,0.13344160076897627,False,False
routed,0.025,0.0,0.8197,0.6048260182350765,75446523.18830259,0.06079963210924774,0.01212382541825301,0.017670376862134265,-408853.8782009022,-541592.1186806264,-895.4510923009381,0.27615,-0.004926474118513508,False,False
routed,0.025,0.01,0.8197,0.5865886686001158,73220583.80246437,0.07079181047605472,0.012107471494143388,0.017652748913874614,402318.7720293187,647950.2747439948,1104.6075545412723,0.27615,0.0049951027322478365,False,False
routed,0.025,0.02,0.8197,0.5647431131328522,70550333.26415327,0.08078247054187722,0.01209160190575234,0.017637089985822394,1157304.1447287095,1718405.233602263,3042.8086569654533,0.27615,0.014912681887509526,False,False
routed,0.025,0.03,0.8197,0.5389930922313985,67397357.02293216,0.0907714967680358,0.01207730894376837,0.017625111187616317,1840410.072597062,2644186.0803800398,4905.788438648204,0.27615,0.024824416563220004,False,False
routed,0.025,0.04,0.8197,0.5092098014964367,63743134.15904746,0.10075884715972286,0.012065999251789165,0.017618930247595553,2435038.664876545,3402258.34147778,6681.447080318205,0.27615,0.03472799922264148,False,False
routed,0.025,0.05,0.8197,0.47550583887062786,59598274.56591375,0.11074458423577617,0.012059375606153087,0.01762101944799842,2925244.642276849,3975559.0859607556,8360.694571917542,0.27615,0.044620642636552466,False,False
routed,0.025,0.06,0.8197,0.4382944351289657,55010176.303646915,0.12072889923879365,0.012059369152665693,0.01763408488172343,3297804.9550585365,4356257.693035248,9939.112486685905,0.27615,0.054499089187611205,False,False
routed,0.025,0.07,0.8197,0.39831233603662847,50066437.8649619,0.1307121204248381,0.012068015751675178,0.017660874759121405,3544483.953643689,4547959.729728527,11418.074004392123,0.27615,0.06435964444618737,False,False
routed,0.025,0.08,0.8197,0.35658794890764534,44891651.141381934,0.14069469782927177,0.01208728348329759,0.017703933530755635,3663968.575475877,4566084.385219793,12804.93185259715,0.27615,0.07419821812010434,False,False
routed,0.025,0.09,0.8197,0.31434926799377155,39636685.10539948,0.1506771625432543,0.012118875392772597,0.01776533990055361,3662880.593281995,4436139.01449433,14112.134069236092,0.27615,0.08401034141940808,False,False
routed,0.025,0.1,0.8197,0.2728855300045959,34461937.26808941,0.16066006683174527,0.012164045691591387,0.0178464814868835,3555446.0513652735,4190284.0676447884,15355.464496685536,0.27615,0.09379111968996208,False,False
routed,0.025,0.11,0.8197,0.23339392705572146,29518267.50143546,0.17064391868097828,0.012223471049557573,0.017947917913741767,3361793.7279622126,3863105.2677898663,16551.867122350497,0.27615,0.10353507759832664,False,False
routed,0.025,0.12,0.8197,0.19684867723241972,24930251.483067036,0.1806291266637929,0.012297207125441231,0.018069364361119642,3105298.3826556574,3487642.8381436714,17717.380107288212,0.27615,0.1132358625264723,False,False
routed,0.025,0.13,0.8197,0.1639208702503695,20785468.056140106,0.19061596700506267,0.012384737401563364,0.018209795527192773,2809662.4438102376,3092461.1734241275,18865.573179917625,0.27615,0.12288578628026144,False,False
routed,0.025,0.14,0.8197,0.13495886427419487,17131296.68819288,0.200604576680854,0.012485096479002292,0.018367638877978834,2496419.1142861447,2700074.6277702795,20006.6490059116,0.27615,0.13247519807665603,False,False
routed,0.03,0.0,0.9399,0.69307651196282,83137313.39124241,0.061842427246719414,0.013895559130192242,0.020148983446797386,-535426.7787587647,-687727.3303738623,-992.2819753712203,0.27615,-0.00585479127480076,False,False
routed,0.03,0.01,0.9399,0.6716798928821459,80635898.73715526,0.07183019281159556,0.013869973032910262,0.020121039120193425,360245.1549419467,622438.2876921281,926.6888800575457,0.27615,0.00406141185911861,False,False
routed,0.03,0.02,0.9399,0.6460988407249887,77639966.28175412,0.08181563266219229,0.013843788545003068,0.020094032833200697,1193457.9204956559,1800285.8876270035,2786.3939294596153,0.27615,0.01397426863849778,False,False
routed,0.03,0.03,0.9399,0.6160121251124118,74108935.5699789,0.0917985922513209,0.013818210767064243,0.02006985884424807,1946845.318635561,2817766.339066729,4574.205968027877,0.27615,0.023881862112383957,False,False
routed,0.03,0.04,0.9399,0.5812999841334596,70025084.3647465,0.10177903707865497,0.013794863093154745,0.020050936950361125,2602128.0312290895,3649861.985948012,6278.792509153151,0.27615,0.0337817649052618,False,False
routed,0.03,0.05,0.9399,0.5421276422845137,65403618.168391995,0.11175709801916205,0.013775781013900186,0.020040169328108006,3141867.1083113453,4278343.740667296,7891.764608494138,0.27615,0.04367102166096891,False,False
routed,0.03,0.06,0.9399,0.49900930501201046,60300740.699484825,0.12173310384089546,0.013763341293067412,0.02004081112054262,3551761.097320389,4695286.868093795,9409.217064561124,0.27615,0.053546170202587624,False,False
routed,0.03,0.07,0.9399,0.4528280082521278,54816800.069900565,0.13170758726983112,0.01376011493382251,0.020056247508169263,3823122.6119511947,4905364.685221575,10832.73250732835,0.27615,0.06340329983568534,False,False
routed,0.03,0.08,0.9399,0.4047916135725487,49092021.923363045,0.14168125449195126,0.013768650344649375,0.020089694292703804,3954948.658692855,4926110.823317996,12169.49822611657,0.27615,0.07323812975460058,False,False
routed,0.03,0.09,0.9399,0.35632097732601475,43294071.98424192,0.15165491744910323,0.013791216864857665,0.020143867680788866,3954942.93353115,4785898.817253329,13431.42593840184,0.27615,0.08304607310107368,False,False
routed,0.03,0.1,0.9399,0.30888857836429695,37599302.684164554,0.16162940080446508,0.013829559040855834,0.020220690043651752,3839056.6184170293,4520113.585346258,14633.475958490531,0.27615,0.09282223930067962,False,False
routed,0.03,0.11,0.9399,0.26384457472726036,32171889.631306447,0.17160544517952173,0.0138847176446764,0.02032109937029055,3629550.7977802083,4166533.3149966146,15791.620196487327,0.27615,0.10256132518665653,False,False
routed,0.03,0.12,0.9399,0.22227227377582925,27145902.488151327,0.18158362986658466,0.013956958632977925,0.020445006209466477,3352059.967274803,3761053.3015205385,16920.92872237279,0.27615,0.11225735612611126,False,False
routed,0.03,0.13,0.9399,0.18490345106386866,22614199.623562105,0.19156433074338852,0.014045820843725482,0.020591401344566634,3032419.0522959414,3334573.9378967583,18034.135754150648,0.27615,0.1219032571961562,False,False
routed,0.03,0.14,0.9399,0.15210238134866788,18625542.872255273,0.20154771672352229,0.014150260574115552,0.020758577669822167,2693985.0569770313,2911365.0635973793,19140.825000784098,0.27615,0.13149025192563565,False,False
routed,0.04,0.0,0.9793,0.7132219839656279,85383740.66107857,0.06219538775995164,0.014603188493684135,0.021058989082910727,-580435.7684245849,-737596.8873638972,-1034.1757600666497,0.27615,-0.0061799691170771045,False,True
routed,0.04,0.01,0.9793,0.6910200350813435,82793087.31795835,0.0721801770635879,0.014571617057187734,0.02102379757578403,340122.00582181383,607479.8403379942,879.1059730511064,0.27615,0.003734633331004052,False,True
routed,0.04,0.02,0.9793,0.664496207217486,79692623.11554585,0.08216213743099605,0.014538669897352556,0.020988632073279445,1196253.7551934177,1816144.7195599433,2733.115253080036,0.27615,0.013646224346705631,False,True
routed,0.04,0.03,0.9793,0.6333274666786481,76041538.90136638,0.09214110831581013,0.014505604858156418,0.020955460183073288,1970094.7738177078,2859670.8403773275,4515.311573922833,0.27615,0.023552853805974282,False,False
routed,0.04,0.04,0.9793,0.597401384744633,71822894.1417318,0.102117082890532,0.01447416300711898,0.020926853813619035,2642884.1657685814,3712541.4275327222,6214.484134682239,0.27615,0.03345203500348108,False,False
routed,0.04,0.05,0.9793,0.5569013529612576,67053879.52833817,0.11209025982778546,0.014446569133143605,0.020905953008970055,3196780.247291203,4356297.503607182,7822.386281597414,0.27615,0.043340726615909285,False,False
routed,0.04,0.06,0.9793,0.5123707720620753,61793915.44211947,0.1220610768596986,0.014425457395453466,0.020896330965994404,3617223.864028873,4783109.32988165,9335.250156115779,0.27615,0.05321535797509824,False,False
routed,0.04,0.07,0.9793,0.4647310725548822,56147601.65460733,0.1320302104699975,0.01441370792411192,0.020901750083760124,3895469.323602222,4998071.506285733,10754.760766928248,0.27615,0.06307189700664087,False,False
routed,0.04,0.08,0.9793,0.4152338853698035,50260030.323096104,0.14199853154649503,0.01441420154080949,0.020925827341590555,4030680.42327683,5019409.015000991,12088.148852617725,0.27615,0.07290594348423662,False,False
routed,0.04,0.09,0.9793,0.36534410836812076,44303782.4225986,0.15196701881620298,0.01442952765854484,0.02097166091102439,4030939.436175506,4876358.101572073,13347.301872071394,0.27615,0.08271281132542745,False,False
routed,0.04,0.1,0.9793,0.31657336707053974,38459596.55154485,0.16193664632900714,0.014461703632804288,0.021041494401335858,3912737.2281930596,4605223.598431188,14547.097379183633,0.27615,0.09248754960402704,False,False
routed,0.04,0.11,0.9793,0.27030207902901493,32895054.788649037,0.17190827124555724,0.01451196958449613,0.02113649598922112,3698961.236239865,4244658.582113822,15703.38858421503,0.27615,0.10222484973959313,False,False
routed,0.04,0.12,0.9793,0.22763288489716366,27746419.10907317,0.18188254823621441,0.014580705021229514,0.021256702050743554,3415880.4669954255,3831315.961530911,16831.118066538413,0.27615,0.11191879812956808,False,False
routed,0.04,0.13,0.9793,0.1893059743228818,23107520.40401817,0.19185988682089627,0.014667478703676594,0.02140112890829563,3089907.578926989,3396699.566064094,17942.907392191733,0.27615,0.12156245416298182,False,False
routed,0.04,0.14,0.9793,0.15568469109055127,19027044.528618168,0.2018404533795195,0.01477120661869809,0.02156801190026816,2744879.0808825325,2965522.195334997,19048.258210630054,0.27615,0.13114725280801892,False,False
routed,0.05,0.0,0.9984,0.7227427634811947,86289840.4183069,0.06243908163678174,0.015124219901016237,0.021796951014235972,-615313.6380336004,-774736.4368161504,-1071.9393897277098,0.27615,-0.0064825248472394365,False,True
routed,0.05,0.01,0.9984,0.7001090570368159,83658154.43472451,0.07242049808363536,0.015085179379739315,0.021751909650268825,315919.354181127,584776.4310078068,835.2647707242212,0.27615,0.003433011579475198,False,True
routed,0.05,0.02,0.9984,0.6730862004606711,80510267.98897634,0.08239856715440728,0.015043785916414766,0.021705625401489334,1181953.3272132277,1806227.2180165946,2683.5005929112544,0.27615,0.013346161323005675,False,True
routed,0.05,0.03,0.9984,0.6413529830655147,76805543.32393575,0.09237314396091652,0.015001372166442577,0.0216601694311047,1964718.9756036939,2860642.04969695,4460.323917141168,0.27615,0.023254938150839132,False,True
routed,0.05,0.04,0.9984,0.6048037712898721,72527682.53597763,0.1023442762045914,0.014959834179780944,0.021618322675937916,2645262.2488178755,3722339.504374604,6154.623501166217,0.27615,0.03315677240023218,False,False
routed,0.05,0.05,0.9984,0.5636341171936314,67695027.79862353,0.11231225918446687,0.014921634708531853,0.021583543061541963,3205585.643067932,4372807.580794679,7758.237919604926,0.27615,0.04304849057887007,False,False
routed,0.05,0.06,0.9984,0.5184044396005297,62368612.2205039,0.12227766563168788,0.014889717719946903,0.021559815570067434,3631037.046914524,4804287.335104846,9267.450214753017,0.27615,0.05292634632067536,False,False
routed,0.05,0.07,0.9984,0.470056538752165,56654967.36937109,0.13224133386992426,0.014867318951181473,0.02155137375804504,3912859.076683444,5022058.763328118,10683.946183707856,0.27615,0.06278610297267309,False,False
routed,0.05,0.08,0.9984,0.41986348677726754,50701220.51829161,0.1422043057340732,0.014857683400686989,0.021562315927326096,4050290.508585185,5044618.67102634,12014.902057207104,0.27615,0.07262314877022719,False,False
routed,0.05,0.09,0.9984,0.3693101542741665,44681850.32118713,0.15216771997058223,0.014863732726385793,0.021596178279241967,4051565.406872827,4901522.580612997,13272.103471528784,0.27615,0.0824326041222332,False,False
routed,0.05,0.1,0.9984,0.319924489474442,38779148.38045615,0.16213268220620194,0.014887750212942521,0.02165555384615717,3933380.7265860997,4629402.450435328,14470.297219322933,0.27615,0.0922093653385886,False,False
routed,0.05,0.11,0.9984,0.27309823418114443,33161776.50987692,0.1721001415801442,0.014931154604588453,0.021741844072145293,3718855.48483064,4267214.297008644,15625.199151519326,0.27615,0.10194802779867558,False,False
routed,0.05,0.12,0.9984,0.22994000695263053,27966569.31521004,0.18207080186368985,0.01499441181579097,0.021855196212102322,3434487.972017819,3851869.361557618,16751.627577149433,0.27615,0.11164264581588784,False,False
routed,0.05,0.13,0.9984,0.1911911395789359,23287470.911297806,0.19204508246763202,0.015077093888608357,0.02199462739218021,3106896.5557927787,3415076.3811294194,17862.10589387411,0.27615,0.12128630992671696,False,False
routed,0.05,0.14,0.9984,0.15721232613668087,19172919.520779412,0.20202312859764096,0.015178054991352262,0.022158287794774245,2760087.439483089,2981699.8745659683,18966.069314270364,0.27615,0.13087054357113778,False,False
routed,0.06,0.0,0.99875,0.722911946032656,86312183.23497637,0.062444895423439416,0.015139745629572286,0.021822481701824166,-616251.8237602072,-775721.2712517137,-1073.0508404362047,0.27615,-0.0064907283038586755,False,True
routed,0.06,0.01,0.99875,0.7002695475002436,83679343.06094511,0.07242619425685692,0.015100412399751177,0.021776968566052882,315246.8070049995,584142.1067937196,834.1675128940493,0.27615,0.0034248357585629505,False,True
routed,0.06,0.02,0.99875,0.6732367953473155,80530142.64921041,0.08240412992081217,0.015058689724159828,0.021730154120246575,1181525.1544712835,1805899.8515758829,2682.414068952127,0.27615,0.013338033951720653,False,True
routed,0.06,0.03,0.99875,0.6414925707339382,76823956.68836729,0.09237855891562506,0.015015913958286596,0.021684115696077803,1964508.9441410387,2860573.0008058883,4459.245720543697,0.27615,0.023246878954580358,False,True
routed,0.06,0.04,0.99875,0.6049314271696805,72544512.43490557,0.10234953162466051,0.014973987905700266,0.021641645334932635,2645239.7665366605,3722477.4789963835,6153.552802526568,0.27615,0.033148798488128774,False,False
routed,0.06,0.05,0.99875,0.5637491956410351,67710189.4420716,0.11231734726779347,0.014935384029785191,0.021606216814501,3205717.0029973793,4373101.538741339,7757.175659947004,0.27615,0.04304061484034608,False,False
routed,0.06,0.06,0.99875,0.5185066447073213,62382067.554876864,0.12228258344223623,0.014903058321692532,0.021581834636625163,3631287.202091774,4804689.380751733,9266.398858714356,0.27615,0.052918576012502126,False,False
routed,0.06,0.07,0.99875,0.4701459584257391,56666729.48713127,0.13224608377822988,0.01488025969977483,0.021572753647978022,3913193.6892428137,5022526.5301693,10682.909084206502,0.27615,0.06277843878762117,False,False
routed,0.06,0.08,0.99875,0.4199405820121914,50711352.069878936,0.14220889524520594,0.014870246050054024,0.021583092855130645,4050677.9248103127,5045116.864591386,12013.88263172174,0.27615,0.07261558461359864,False,False
routed,0.06,0.09,0.99875,0.36937570628830096,44690456.323013216,0.15217216097708314,0.014875950208623158,0.021616406304126343,4051978.225180854,4902023.57775576,13271.104445427953,0.27615,0.08242512767651834,False,False
routed,0.06,0.1,0.99875,0.3199795170468339,38786365.09764926,0.16213698983434155,0.014899663870949556,0.021675300336610914,3933796.7426300943,4629886.068055466,14469.320132694027,0.27615,0.0922019593208334,False,False
routed,0.06,0.11,0.99875,0.2731438985065592,33167758.74003276,0.1721043328659769,0.014942810918201313,0.021761184396310085,3719257.964422135,4267666.972351516,15624.244201263142,0.27615,0.10194067167822095,False,False
routed,0.06,0.12,0.99875,0.22997752057974158,27971478.27977096,0.1820748944863872,0.015005859185621695,0.02187420856287596,3434865.3509906903,3852283.016442264,16750.693749246406,0.27615,0.11163531770844112,False,False
routed,0.06,0.13,0.99875,0.19122169111300225,23291464.294712394,0.1920490937020167,0.01508837990642101,0.02201338842782408,3107241.75126332,3415447.201604027,17861.191278690614,0.27615,0.12127898841733516,False,False
routed,0.06,0.14,0.99875,0.15723702611716614,19176144.35564294,0.20202707456233188,0.015189224424042394,0.022176869446345823,2760396.971856492,2982027.165530358,18965.171494074697,0.27615,0.13086320931133152,False,False
routed,0.08,0.0,0.99965,0.7233238808696165,86373973.46052045,0.06246495775189118,0.015190812763486987,0.021868588918588717,-618869.1021727877,-778475.4929740761,-1076.2474647431154,0.27615,-0.006513631967616836,False,True
routed,0.08,0.01,0.99965,0.7006558683582511,83737291.18964623,0.07244562420248501,0.01514979984429405,0.0218215990825782,313400.0509151271,582375.9769452742,831.1868967998147,0.27615,0.0034024164520716897,False,True
routed,0.08,0.02,0.99965,0.6735946378833886,80583819.02962139,0.08242285830783277,0.015106238761290448,0.021773169141975617,1180375.5833207823,1804983.1786222302,2679.6281875015543,0.27615,0.013316180903704232,False,True
routed,0.08,0.03,0.99965,0.6418195625843061,76873005.46592246,0.09239652902422531,0.01506150219371873,0.021725408484833834,1963968.7533341513,2860356.149568869,4456.635971099973,0.27615,0.023225658065185915,False,True
routed,0.08,0.04,0.99965,0.605225925805959,72588687.23034735,0.10236670500801935,0.01501754263142671,0.02168115292531703,2645210.0756756407,3722808.1815396184,6151.1049391714005,0.27615,0.033128253508723685,False,True
routed,0.08,0.05,0.99965,0.564010470249157,67749380.63328989,0.11233370817223687,0.014976891571556962,0.021643928190814662,3206093.0503289215,4373833.6840195,7754.8802987421805,0.27615,0.04302076297242795,False,True
routed,0.08,0.06,0.99965,0.5187349614773342,62416315.07037877,0.12229814084560356,0.014942567283142635,0.02161779353847363,3631964.601958518,4805690.726388284,9264.250693074338,0.27615,0.05289940615778864,False,True
routed,0.08,0.07,0.99965,0.47034254881130744,56696218.044966534,0.13226087055651117,0.014917877293207794,0.021607055297432735,3914074.6718942598,5023684.175377436,10680.90519999466,0.27615,0.06275991281993375,False,False
routed,0.08,0.08,0.99965,0.4201075017289602,50736390.02739427,0.1422229646636103,0.014906128297454014,0.021615875299555505,4051676.4734811545,5046339.966747636,12012.0206042009,0.27615,0.07259764138974949,False,False
routed,0.08,0.09,0.99965,0.36951561791025367,44711443.06630613,0.15218558130932316,0.014910288097498923,0.02164783821223852,4053023.362933876,4903243.464925423,13269.380852303519,0.27615,0.08240768896928949,False,False
routed,0.08,0.1,0.99965,0.32009544168403825,38803753.793229915,0.16214983821948645,0.014932668113341936,0.021705567579744196,3934833.742087847,4631054.365796189,14467.729816557145,0.27615,0.09218493661147609,False,False
routed,0.08,0.11,0.99965,0.2732389796604406,33182020.913114965,0.17211668945591757,0.01497469772107393,0.021790477533714426,3720247.7372376854,4268752.540491446,15622.780270210009,0.27615,0.10192397281481054,False,False
routed,0.08,0.12,0.99965,0.23005483019375633,27983074.72187317,0.1820868376224828,0.015036838665992173,0.021902712666072147,3435782.5657334775,3853268.4294021726,16749.34808435398,0.27615,0.11161885272313855,False,False
routed,0.08,0.13,0.99965,0.1912840913478475,23300824.329939183,0.1920606964607089,0.015118647863580484,0.022041275866905814,3108072.295166703,3416325.3143974924,17859.955265098088,0.27615,0.12126267415796364,False,False
routed,0.08,0.14,0.99965,0.15728708647681555,19183653.40959035,0.20203840267010822,0.015218957417193237,0.022204295587986887,2761135.274848812,2982798.089199284,18964.036756055968,0.27615,0.13084697286495048,False,False
routed,1.0,0.0,1.0,0.7234749924701458,86396640.20059983,0.06247422861025863,0.01521901449142462,0.021892301131302187,-620473.277132012,-780132.2775585924,-1078.3127069741593,0.27615,-0.0065288026740956545,False,True
routed,1.0,0.01,1.0,0.7007960239294162,83758314.525321,0.0724545050319213,0.015176835657334476,0.021844352413623133,312123.7864938737,581118.1411381013,829.2257965159793,0.27615,0.0033877102043025496,False,True
routed,1.0,0.02,1.0,0.6737228995303599,80603058.27666707,0.08243131640937634,0.01513201825875426,0.02179488953887759,1179399.780343293,1804073.1462148936,2677.767294940517,0.27615,0.01330199674078964,False,True
routed,1.0,0.03,1.0,0.641935267205593,76890361.15911551,0.09240454163707697,0.015085964468787351,0.021746046168871654,1963260.2955229115,2859739.660909939,4454.872332156893,0.27615,0.02321203932370164,False,True
routed,1.0,0.04,1.0,0.6053287577982152,72604112.02918576,0.10237426189451924,0.015040663431968146,0.021700688266119938,2644731.6547423042,3722430.834421047,6149.436626736161,0.27615,0.033115224979883964,False,True
routed,1.0,0.05,1.0,0.5641004980107998,67762884.7975363,0.11234081290833026,0.014998686817603784,0.02166237458830177,3205805.2401955226,4373643.76558656,7753.305981840891,0.27615,0.04300832836272205,False,True
routed,1.0,0.06,1.0,0.518812629019167,62427965.2016537,0.12230481050791762,0.014963092102376037,0.021635196623235705,3631828.1938550505,4805641.481744526,9262.76889371362,0.27615,0.0528875478120857,False,True
routed,1.0,0.07,1.0,0.47040862457852956,56706129.41004983,0.13226713388108596,0.014937220775392555,0.021623488613422642,3914052.8652652265,5023735.270930178,10679.513530244642,0.27615,0.06274859375048844,False,True
routed,1.0,0.08,1.0,0.42016299667133683,50744714.26875074,0.1422288591045132,0.014924405131669219,0.021631433423852015,4051736.5786751267,5046458.114384409,12010.715256612397,0.27615,0.0725868091442372,False,True
routed,1.0,0.09,1.0,0.3695616901510923,44718353.90243192,0.15219114961473854,0.014927628786864666,0.021662628703943542,4053137.826999396,4903402.333795223,13268.156479613748,0.27615,0.08239728054071438,False,False
routed,1.0,0.1,1.0,0.3201333046317392,38809433.23538507,0.16215512512589444,0.014949209439400887,0.021719703133233705,3934980.4872041703,4631233.989620327,14466.579773534655,0.27615,0.09217488353078583,False,False
routed,1.0,0.11,1.0,0.2732698255958089,33186647.803420216,0.17212173893132512,0.014990574686944962,0.021804069348491745,3720409.9370834637,4268938.437525113,15621.697083523826,0.27615,0.10191420573503929,False,False
routed,1.0,0.12,1.0,0.2300797750374552,27986816.448427994,0.18209169086567908,0.015052178541348873,0.021915865547292294,3435948.0489563495,3853450.6164584355,16748.32399254182,0.27615,0.1116093050872999,False,False
routed,1.0,0.13,1.0,0.19130414084481856,23303831.754484843,0.19206539066909942,0.015133566412928155,0.022054085124452838,3108232.764170547,3416497.343259211,17858.982707700998,0.27615,0.12125328482523694,False,False
routed,1.0,0.14,1.0,0.1573031205740127,19186058.52416992,0.20204297046442407,0.015233557032985333,0.022216845504841196,2761285.488398949,2982956.182095478,18963.10874959386,0.27615,0.13083768777968646,False,False
